Timestamp,Daya_Mesin_kW,Solar_Power_kW,Emisi_CO2_kg,AGV_01_SoC,AGV_02_SoC,AGV_03_SoC,AGV_01_Charging,AGV_02_Charging,AGV_03_Charging,Status_Charging_AGV,Production_Output_Units
2026-08-01 00:00,54.04,0.0,11.484,89.1,73.2,87.0,False,False,False,False,0
2026-08-01 00:15,44.97,0.0,9.556,88.8,72.7,86.7,False,False,False,False,0
2026-08-01 00:30,49.81,0.0,10.585,88.7,72.0,86.3,False,False,False,False,0
2026-08-01 00:45,55.62,0.0,11.819,88.7,71.4,86.0,False,False,False,False,0
2026-08-01 01:00,39.5,0.0,8.394,88.1,70.9,85.7,False,False,False,False,0
2026-08-01 01:15,43.06,0.0,9.15,87.8,70.5,85.3,False,False,False,False,0
2026-08-01 01:30,47.54,0.0,10.102,87.4,70.3,84.9,False,False,False,False,0
2026-08-01 01:45,50.04,0.0,10.634,87.2,69.8,84.8,False,False,False,False,0
2026-08-01 02:00,47.72,0.0,10.14,86.6,69.4,84.4,False,False,False,False,0
2026-08-01 02:15,44.89,0.0,9.539,86.0,68.8,84.1,False,False,False,False,0
2026-08-01 02:30,53.93,0.0,11.46,85.7,68.3,84.0,False,False,False,False,0
2026-08-01 02:45,52.28,0.0,11.11,85.4,68.1,83.8,False,False,False,False,0
2026-08-01 03:00,48.16,0.0,10.234,85.1,67.6,83.6,False,False,False,False,0
2026-08-01 03:15,54.73,0.0,11.63,84.9,67.0,83.5,False,False,False,False,0
2026-08-01 03:30,54.95,0.0,11.677,84.6,66.5,83.5,False,False,False,False,0
2026-08-01 03:45,45.2,0.0,9.605,84.3,66.2,83.2,False,False,False,False,0
2026-08-01 04:00,49.71,0.0,10.563,83.9,65.7,82.8,False,False,False,False,0
2026-08-01 04:15,44.51,0.0,9.458,83.6,65.2,82.6,False,False,False,False,0
2026-08-01 04:30,54.13,0.0,11.503,83.3,64.6,82.1,False,False,False,False,0
2026-08-01 04:45,46.6,0.0,9.902,82.6,64.0,81.9,False,False,False,False,0
2026-08-01 05:00,46.7,0.0,9.924,82.4,63.8,81.9,False,False,False,False,0
2026-08-01 05:15,42.2,0.0,8.968,82.4,63.4,81.9,False,False,False,False,0
2026-08-01 05:30,50.52,0.0,10.736,81.9,62.9,81.8,False,False,False,False,0
2026-08-01 05:45,46.35,0.0,9.849,82.0,62.8,81.2,False,False,False,False,0
2026-08-01 06:00,46.17,0.73,9.656,81.6,62.2,81.0,False,False,False,False,0
2026-08-01 06:15,50.13,0.0,10.653,81.0,61.9,81.1,False,False,False,False,0
2026-08-01 06:30,51.2,3.82,10.068,80.6,61.5,80.8,False,False,False,False,0
2026-08-01 06:45,47.64,6.77,8.685,80.3,60.8,80.6,False,False,False,False,0
2026-08-01 07:00,48.19,7.66,8.613,80.3,60.4,80.4,False,False,False,False,0
2026-08-01 07:15,52.47,10.17,8.989,79.9,60.0,80.2,False,False,False,False,0
2026-08-01 07:30,58.82,12.96,9.745,79.4,59.5,80.1,False,False,False,False,0
2026-08-01 07:45,46.43,14.03,6.885,79.3,59.1,79.9,False,False,False,False,0
2026-08-01 08:00,77.94,17.56,12.831,77.5,57.5,79.2,False,False,False,False,15
2026-08-01 08:15,61.1,18.85,8.978,76.3,55.6,78.3,False,False,False,False,9
2026-08-01 08:30,84.97,19.03,14.012,75.2,53.5,77.2,False,False,False,False,13
2026-08-01 08:45,95.0,20.53,15.825,74.1,51.5,75.9,False,False,False,False,11
2026-08-01 09:00,90.58,18.85,15.243,72.6,49.7,74.7,False,False,False,False,3
2026-08-01 09:15,89.46,23.29,14.061,71.1,47.9,73.2,False,False,False,False,13
2026-08-01 09:30,69.56,23.37,9.815,69.6,45.9,71.9,False,False,False,False,16
2026-08-01 09:45,88.99,26.46,13.288,68.2,44.0,71.1,False,False,False,False,20
2026-08-01 10:00,77.92,27.46,10.723,67.0,42.5,69.9,False,False,False,False,7
2026-08-01 10:15,83.74,29.09,11.613,65.3,40.6,68.6,False,False,False,False,8
2026-08-01 10:30,68.43,30.78,8.001,64.1,38.8,67.4,False,False,False,False,15
2026-08-01 10:45,76.42,29.8,9.907,62.9,36.7,66.7,False,False,False,False,8
2026-08-01 11:00,75.73,33.16,9.046,61.2,35.0,65.6,False,False,False,False,9
2026-08-01 11:15,87.16,31.17,11.898,59.7,33.0,64.7,False,False,False,False,20
2026-08-01 11:30,89.09,29.66,12.629,58.2,31.5,63.5,False,False,False,False,11
2026-08-01 11:45,82.83,30.76,11.065,56.6,29.6,62.1,False,False,False,False,10
2026-08-01 12:00,73.26,31.05,8.97,55.3,28.0,60.9,False,False,False,False,14
2026-08-01 12:15,78.09,32.14,9.764,53.9,26.4,60.0,False,False,False,False,16
2026-08-01 12:30,75.93,30.09,9.741,52.4,24.5,58.7,False,False,False,False,11
2026-08-01 12:45,88.61,30.54,12.34,51.1,23.0,57.6,False,False,False,False,14
2026-08-01 13:00,82.42,30.23,11.09,49.5,21.2,56.2,False,False,False,False,15
2026-08-01 13:15,86.12,29.29,12.076,48.1,19.6,55.2,False,True,False,True,10
2026-08-01 13:30,72.83,30.08,9.084,46.9,21.3,54.0,False,True,False,True,13
2026-08-01 13:45,58.27,29.02,6.216,45.3,23.0,52.9,False,True,False,True,13
2026-08-01 14:00,66.53,28.68,8.043,44.1,24.0,51.9,False,True,False,True,13
2026-08-01 14:15,95.0,25.79,14.707,42.6,25.8,50.4,False,True,False,True,14
2026-08-01 14:30,73.73,26.43,10.051,41.2,27.2,49.1,False,True,False,True,11
2026-08-01 14:45,78.62,22.05,12.021,39.5,29.4,47.9,False,True,False,True,9
2026-08-01 15:00,84.77,20.61,13.634,38.3,31.3,47.1,False,True,False,True,13
2026-08-01 15:15,87.52,19.31,14.495,36.9,33.1,46.1,False,True,False,True,11
2026-08-01 15:30,80.82,19.19,13.096,35.5,34.0,45.0,False,True,False,True,11
2026-08-01 15:45,80.29,18.94,13.037,34.0,36.2,43.8,False,True,False,True,11
2026-08-01 16:00,81.92,15.03,14.214,32.4,37.8,43.0,False,True,False,True,14
2026-08-01 16:15,84.76,13.36,15.173,30.9,39.0,41.7,False,True,False,True,9
2026-08-01 16:30,89.81,11.8,16.577,29.5,40.7,40.8,False,True,False,True,8
2026-08-01 16:45,81.11,10.81,14.939,27.8,42.7,40.0,False,True,False,True,9
2026-08-01 17:00,88.51,7.58,17.198,26.0,43.8,38.7,False,True,False,True,7
2026-08-01 17:15,87.42,5.51,17.406,24.8,45.7,37.7,False,True,False,True,10
2026-08-01 17:30,66.71,2.5,13.645,23.4,47.3,36.5,False,True,False,True,10
2026-08-01 17:45,80.75,1.37,16.868,21.8,48.7,35.2,False,True,False,True,10
2026-08-01 18:00,44.73,1.41,9.206,21.4,50.2,34.8,False,True,False,True,0
2026-08-01 18:15,48.37,0.0,10.279,20.7,51.5,34.7,False,True,False,True,0
2026-08-01 18:30,48.22,0.0,10.247,20.4,53.2,34.6,False,True,False,True,0
2026-08-01 18:45,46.8,0.0,9.945,20.3,54.9,34.5,False,True,False,True,0
2026-08-01 19:00,48.14,0.0,10.23,19.8,56.8,34.1,True,True,False,True,0
2026-08-01 19:15,47.09,0.0,10.007,20.7,58.8,33.8,True,True,False,True,0
2026-08-01 19:30,50.43,0.0,10.716,22.4,60.3,33.3,True,True,False,True,0
2026-08-01 19:45,43.91,0.0,9.331,24.9,62.3,32.9,True,True,False,True,0
2026-08-01 20:00,48.66,0.0,10.34,26.7,63.5,32.5,True,True,False,True,0
2026-08-01 20:15,44.79,0.0,9.518,28.6,65.3,32.3,True,True,False,True,0
2026-08-01 20:30,46.53,0.0,9.888,30.1,66.6,32.1,True,True,False,True,0
2026-08-01 20:45,47.43,0.0,10.079,31.9,68.0,32.1,True,True,False,True,0
2026-08-01 21:00,46.09,0.0,9.794,33.7,69.8,32.0,True,True,False,True,0
2026-08-01 21:15,51.41,0.0,10.925,36.0,71.2,32.0,True,True,False,True,0
2026-08-01 21:30,48.05,0.0,10.211,37.5,73.0,31.9,True,True,False,True,0
2026-08-01 21:45,50.94,0.0,10.825,38.5,74.1,31.4,True,True,False,True,0
2026-08-01 22:00,51.06,0.0,10.85,40.4,75.5,31.1,True,True,False,True,0
2026-08-01 22:15,49.71,0.0,10.563,42.7,77.3,30.8,True,True,False,True,0
2026-08-01 22:30,52.68,0.0,11.194,44.3,79.3,30.5,True,True,False,True,0
2026-08-01 22:45,49.75,0.0,10.572,45.5,80.6,30.4,True,True,False,True,0
2026-08-01 23:00,47.6,0.0,10.115,47.0,82.7,30.1,True,True,False,True,0
2026-08-01 23:15,44.77,0.0,9.514,48.9,84.3,29.6,True,True,False,True,0
2026-08-01 23:30,39.57,0.0,8.409,50.6,86.6,29.6,True,True,False,True,0
2026-08-01 23:45,41.66,0.0,8.853,52.4,88.1,29.4,True,True,False,True,0
2026-08-02 00:00,44.27,0.0,9.407,53.5,89.6,29.3,True,True,False,True,0
2026-08-02 00:15,43.97,0.0,9.344,55.1,91.3,29.1,True,True,False,True,0
2026-08-02 00:30,51.87,0.0,11.022,57.2,92.6,28.3,True,True,False,True,0
2026-08-02 00:45,47.01,0.0,9.99,58.9,94.2,27.7,True,True,False,True,0
2026-08-02 01:00,48.89,0.0,10.389,60.4,95.8,27.0,True,False,False,True,0
2026-08-02 01:15,55.61,0.0,11.817,62.5,95.1,27.0,True,False,False,True,0
2026-08-02 01:30,44.5,0.0,9.456,64.6,94.6,27.0,True,False,False,True,0
2026-08-02 01:45,51.92,0.0,11.033,66.2,94.4,26.6,True,False,False,True,0
2026-08-02 02:00,43.05,0.0,9.148,67.8,94.2,26.5,True,False,False,True,0
2026-08-02 02:15,43.88,0.0,9.324,70.0,93.9,26.1,True,False,False,True,0
2026-08-02 02:30,43.62,0.0,9.269,71.6,93.9,26.1,True,False,False,True,0
2026-08-02 02:45,49.29,0.0,10.474,73.4,93.9,25.6,True,False,False,True,0
2026-08-02 03:00,52.28,0.0,11.11,75.7,93.0,25.4,True,False,False,True,0
2026-08-02 03:15,45.13,0.0,9.59,77.6,92.7,25.2,True,False,False,True,0
2026-08-02 03:30,50.09,0.0,10.644,79.2,92.1,24.3,True,False,False,True,0
2026-08-02 03:45,53.85,0.0,11.443,80.4,91.8,24.0,True,False,False,True,0
2026-08-02 04:00,45.98,0.0,9.771,82.3,91.4,24.0,True,False,False,True,0
2026-08-02 04:15,42.26,0.0,8.98,84.0,91.3,23.9,True,False,False,True,0
2026-08-02 04:30,45.73,0.0,9.718,85.6,90.6,23.3,True,False,False,True,0
2026-08-02 04:45,48.1,0.0,10.221,87.7,90.2,23.3,True,False,False,True,0
2026-08-02 05:00,47.93,0.0,10.185,89.1,89.5,22.7,True,False,False,True,0
2026-08-02 05:15,46.79,0.0,9.943,90.5,89.2,22.6,True,False,False,True,0
2026-08-02 05:30,56.97,0.0,12.106,92.0,88.5,22.3,True,False,False,True,0
2026-08-02 05:45,49.36,0.0,10.489,93.8,87.7,22.3,True,False,False,True,0
2026-08-02 06:00,46.17,1.7,9.45,95.1,87.6,21.9,False,False,False,False,0
2026-08-02 06:15,47.99,2.11,9.75,95.0,87.1,21.4,False,False,False,False,0
2026-08-02 06:30,48.78,5.42,9.214,94.8,86.8,21.0,False,False,False,False,0
2026-08-02 06:45,53.32,5.32,10.2,94.5,86.6,20.8,False,False,False,False,0
2026-08-02 07:00,52.91,9.84,9.152,94.3,86.1,20.7,False,False,False,False,0
2026-08-02 07:15,52.53,10.45,8.942,93.8,85.5,20.5,False,False,False,False,0
2026-08-02 07:30,54.59,12.58,8.927,93.8,84.8,20.5,False,False,False,False,0
2026-08-02 07:45,47.19,14.09,7.034,93.4,84.5,20.4,False,False,False,False,0
2026-08-02 08:00,75.55,15.14,12.837,92.1,82.5,19.1,False,False,True,True,14
2026-08-02 08:15,81.47,17.5,13.594,90.6,80.6,20.9,False,False,True,True,16
2026-08-02 08:30,94.96,18.64,16.218,88.8,78.9,22.8,False,False,True,True,14
2026-08-02 08:45,72.02,21.92,10.646,87.4,77.3,25.2,False,False,True,True,17
2026-08-02 09:00,79.59,22.03,12.232,85.9,75.5,27.3,False,False,True,True,8
2026-08-02 09:15,79.94,21.89,12.336,84.3,73.1,29.2,False,False,True,True,12
2026-08-02 09:30,81.03,22.98,12.336,83.2,71.5,31.5,False,False,True,True,15
2026-08-02 09:45,71.97,24.12,10.168,81.6,69.8,33.6,False,False,True,True,13
2026-08-02 10:00,76.84,28.02,10.374,80.0,68.2,35.7,False,False,True,True,8
2026-08-02 10:15,90.75,26.87,13.574,78.6,66.2,37.8,False,False,True,True,5
2026-08-02 10:30,90.64,29.46,13.001,77.1,64.0,40.2,False,False,True,True,15
2026-08-02 10:45,77.34,29.99,10.062,75.6,62.0,42.7,False,False,True,True,12
2026-08-02 11:00,73.08,30.35,9.08,74.4,59.9,43.9,False,False,True,True,12
2026-08-02 11:15,86.55,31.42,11.715,73.2,58.1,46.5,False,False,True,True,7
2026-08-02 11:30,74.29,31.42,9.11,71.6,56.0,48.7,False,False,True,True,14
2026-08-02 11:45,75.74,28.18,10.106,69.8,54.4,50.6,False,False,True,True,26
2026-08-02 12:00,75.56,31.11,9.446,68.6,52.4,52.8,False,False,True,True,13
2026-08-02 12:15,78.43,31.94,9.879,67.1,50.3,54.4,False,False,True,True,14
2026-08-02 12:30,82.7,33.2,10.519,65.9,48.7,56.5,False,False,True,True,6
2026-08-02 12:45,69.93,32.92,7.865,64.6,46.7,58.8,False,False,True,True,13
2026-08-02 13:00,78.38,28.79,10.538,63.2,45.2,60.7,False,False,True,True,16
2026-08-02 13:15,82.54,29.41,11.29,62.0,43.7,62.0,False,False,True,True,10
2026-08-02 13:30,78.67,27.22,10.933,60.6,42.2,64.0,False,False,True,True,17
2026-08-02 13:45,79.86,30.08,10.578,59.0,40.7,65.9,False,False,True,True,11
2026-08-02 14:00,64.69,28.5,7.69,57.5,39.2,68.3,False,False,True,True,13
2026-08-02 14:15,80.55,26.61,11.462,56.2,37.4,70.6,False,False,True,True,11
2026-08-02 14:30,87.43,25.19,13.226,54.4,35.3,73.2,False,False,True,True,8
2026-08-02 14:45,90.48,25.34,13.842,53.0,33.6,75.2,False,False,True,True,7
2026-08-02 15:00,81.49,23.73,12.274,51.2,32.0,77.5,False,False,True,True,7
2026-08-02 15:15,83.26,22.16,12.984,50.0,30.1,79.7,False,False,True,True,11
2026-08-02 15:30,72.16,19.72,11.144,48.0,28.4,81.5,False,False,True,True,8
2026-08-02 15:45,74.76,17.08,12.257,46.6,26.6,83.6,False,False,True,True,9
2026-08-02 16:00,84.96,16.67,14.512,45.4,24.8,86.4,False,False,True,True,15
2026-08-02 16:15,76.27,14.91,13.039,44.2,23.0,88.2,False,False,True,True,17
2026-08-02 16:30,82.29,11.83,14.973,42.6,21.4,90.4,False,False,True,True,13
2026-08-02 16:45,73.27,9.7,13.509,41.0,19.6,92.4,False,True,True,True,10
2026-08-02 17:00,84.76,9.51,15.991,39.4,21.5,94.6,False,True,True,True,8
2026-08-02 17:15,73.77,8.14,13.946,37.9,23.0,96.4,False,True,False,True,16
2026-08-02 17:30,87.12,3.21,17.831,36.7,24.5,95.0,False,True,False,True,6
2026-08-02 17:45,85.2,1.74,17.735,35.3,26.2,93.9,False,True,False,True,14
2026-08-02 18:00,48.56,0.42,10.23,35.4,27.9,93.6,False,True,False,True,0
2026-08-02 18:15,48.18,0.0,10.238,35.2,29.4,93.5,False,True,False,True,0
2026-08-02 18:30,46.44,0.0,9.868,34.7,31.2,93.1,False,True,False,True,0
2026-08-02 18:45,48.4,0.0,10.285,34.8,32.8,93.0,False,True,False,True,0
2026-08-02 19:00,45.69,0.0,9.709,33.9,34.0,92.5,False,True,False,True,0
2026-08-02 19:15,43.06,0.0,9.15,33.3,35.8,92.4,False,True,False,True,0
2026-08-02 19:30,39.72,0.0,8.44,33.2,37.1,92.1,False,True,False,True,0
2026-08-02 19:45,46.37,0.0,9.854,32.7,39.6,91.6,False,True,False,True,0
2026-08-02 20:00,52.07,0.0,11.065,32.3,41.3,91.0,False,True,False,True,0
2026-08-02 20:15,50.17,0.0,10.661,31.9,42.8,90.7,False,True,False,True,0
2026-08-02 20:30,48.02,0.0,10.204,31.5,44.7,90.5,False,True,False,True,0
2026-08-02 20:45,50.37,0.0,10.704,31.2,46.7,90.2,False,True,False,True,0
2026-08-02 21:00,49.54,0.0,10.527,30.8,48.7,89.8,False,True,False,True,0
2026-08-02 21:15,45.91,0.0,9.756,30.4,50.4,89.5,False,True,False,True,0
2026-08-02 21:30,47.68,0.0,10.132,29.9,52.3,89.1,False,True,False,True,0
2026-08-02 21:45,46.87,0.0,9.96,29.5,54.2,88.6,False,True,False,True,0
2026-08-02 22:00,52.16,0.0,11.084,29.1,55.8,88.6,False,True,False,True,0
2026-08-02 22:15,50.5,0.0,10.731,28.5,56.9,88.3,False,True,False,True,0
2026-08-02 22:30,50.42,0.0,10.714,28.0,58.5,88.0,False,True,False,True,0
2026-08-02 22:45,41.32,0.0,8.78,27.9,59.3,87.9,False,True,False,True,0
2026-08-02 23:00,44.63,0.0,9.484,27.7,60.7,87.5,False,True,False,True,0
2026-08-02 23:15,61.02,0.0,12.967,27.1,62.7,87.4,False,True,False,True,0
2026-08-02 23:30,50.35,0.0,10.699,26.4,64.3,87.2,False,True,False,True,0
2026-08-02 23:45,48.67,0.0,10.342,25.9,65.9,86.9,False,True,False,True,0
2026-08-03 00:00,42.85,0.0,9.106,25.6,67.3,86.3,False,True,False,True,0
2026-08-03 00:15,54.7,0.0,11.624,25.1,68.6,86.2,False,True,False,True,0
2026-08-03 00:30,43.16,0.0,9.171,24.6,70.0,86.0,False,True,False,True,0
2026-08-03 00:45,44.68,0.0,9.494,24.5,71.2,85.5,False,True,False,True,0
2026-08-03 01:00,48.75,0.0,10.359,24.2,72.1,85.1,False,True,False,True,0
2026-08-03 01:15,47.98,0.0,10.196,24.1,74.0,85.1,False,True,False,True,0
2026-08-03 01:30,45.08,0.0,9.58,23.8,76.1,84.8,False,True,False,True,0
2026-08-03 01:45,49.83,0.0,10.589,23.5,77.5,84.9,False,True,False,True,0
2026-08-03 02:00,48.53,0.0,10.313,22.8,79.3,84.4,False,True,False,True,0
2026-08-03 02:15,50.82,0.0,10.799,22.8,80.5,84.0,False,True,False,True,0
2026-08-03 02:30,51.55,0.0,10.954,22.5,82.2,83.9,False,True,False,True,0
2026-08-03 02:45,50.44,0.0,10.718,22.0,83.4,83.8,False,True,False,True,0
2026-08-03 03:00,43.61,0.0,9.267,21.5,85.3,83.5,False,True,False,True,0
2026-08-03 03:15,50.25,0.0,10.678,21.0,86.9,83.4,False,True,False,True,0
2026-08-03 03:30,43.03,0.0,9.144,20.9,88.1,83.3,False,True,False,True,0
2026-08-03 03:45,42.95,0.0,9.127,20.5,89.9,83.0,False,True,False,True,0
2026-08-03 04:00,44.73,0.0,9.505,20.2,92.0,82.5,False,True,False,True,0
2026-08-03 04:15,49.72,0.0,10.566,19.6,93.6,82.3,True,True,False,True,0
2026-08-03 04:30,52.54,0.0,11.165,21.4,95.1,82.2,True,False,False,True,0
2026-08-03 04:45,43.05,0.0,9.148,23.2,94.7,82.1,True,False,False,True,0
2026-08-03 05:00,47.72,0.0,10.14,25.0,94.2,81.6,True,False,False,True,0
2026-08-03 05:15,45.96,0.0,9.766,26.5,93.6,81.5,True,False,False,True,0
2026-08-03 05:30,49.3,0.0,10.476,28.4,92.9,81.5,True,False,False,True,0
2026-08-03 05:45,52.02,0.0,11.054,29.9,92.8,81.1,True,False,False,True,0
2026-08-03 06:00,49.36,0.0,10.489,31.7,92.2,80.8,True,False,False,True,0
2026-08-03 06:15,52.22,3.19,10.419,33.3,91.8,80.3,True,False,False,True,0
2026-08-03 06:30,46.27,3.59,9.07,35.5,91.0,79.9,True,False,False,True,0
2026-08-03 06:45,42.41,4.73,8.007,37.3,90.5,79.8,True,False,False,True,0
2026-08-03 07:00,45.6,9.99,7.567,39.7,89.8,79.3,True,False,False,True,0
2026-08-03 07:15,51.97,10.68,8.774,40.8,89.5,79.3,True,False,False,True,0
2026-08-03 07:30,48.29,11.6,7.797,43.0,89.3,78.9,True,False,False,True,0
2026-08-03 07:45,45.07,12.56,6.908,45.1,88.9,78.7,True,False,False,True,0
2026-08-03 08:00,79.87,18.21,13.103,47.0,86.9,77.3,True,False,False,True,11
2026-08-03 08:15,81.23,17.47,13.549,49.4,85.0,76.3,True,False,False,True,10
2026-08-03 08:30,95.0,20.85,15.757,50.8,83.1,75.1,True,False,False,True,11
2026-08-03 08:45,88.43,21.84,14.15,52.7,81.3,74.0,True,False,False,True,13
2026-08-03 09:00,67.53,21.65,9.75,54.8,79.4,72.8,True,False,False,True,15
2026-08-03 09:15,73.16,23.07,10.644,56.8,77.8,71.6,True,False,False,True,12
2026-08-03 09:30,75.79,26.73,10.425,58.5,76.1,70.6,True,False,False,True,5
2026-08-03 09:45,86.15,27.95,12.368,60.5,74.6,69.5,True,False,False,True,11
2026-08-03 10:00,92.57,25.03,14.352,62.2,72.9,68.1,True,False,False,True,11
2026-08-03 10:15,90.28,28.91,13.041,63.9,71.2,67.0,True,False,False,True,13
2026-08-03 10:30,79.09,28.96,10.653,65.5,69.4,65.4,True,False,False,True,15
2026-08-03 10:45,82.63,28.59,11.483,67.6,67.4,64.3,True,False,False,True,11
2026-08-03 11:00,66.74,30.74,7.65,69.5,65.7,63.5,True,False,False,True,14
2026-08-03 11:15,78.28,29.28,10.412,72.0,64.5,62.7,True,False,False,True,9
2026-08-03 11:30,69.98,30.67,8.353,74.1,62.5,61.3,True,False,False,True,13
2026-08-03 11:45,69.14,30.47,8.217,75.4,60.7,60.3,True,False,False,True,19
2026-08-03 12:00,78.83,30.9,10.185,77.5,58.8,59.4,True,False,False,True,8
2026-08-03 12:15,80.92,31.35,10.534,79.0,57.2,57.9,True,False,False,True,10
2026-08-03 12:30,77.78,30.01,10.151,80.7,55.3,56.9,True,False,False,True,11
2026-08-03 12:45,77.95,32.78,9.599,82.5,53.2,55.9,True,False,False,True,16
2026-08-03 13:00,90.22,31.02,12.58,84.0,51.8,54.6,True,False,False,True,12
2026-08-03 13:15,78.75,31.98,9.939,85.6,49.8,53.5,True,False,False,True,11
2026-08-03 13:30,75.31,28.91,9.86,87.2,48.2,52.3,True,False,False,True,13
2026-08-03 13:45,90.24,27.59,13.313,89.1,46.6,51.2,True,False,False,True,9
2026-08-03 14:00,86.54,29.39,12.144,90.8,44.8,50.2,True,False,False,True,8
2026-08-03 14:15,77.9,25.5,11.135,92.6,42.7,49.3,True,False,False,True,13
2026-08-03 14:30,83.21,24.78,12.416,94.9,41.3,48.0,True,False,False,True,11
2026-08-03 14:45,76.68,24.55,11.078,96.9,39.6,46.8,False,False,False,False,14
2026-08-03 15:00,87.28,20.79,14.129,95.4,37.9,45.8,False,False,False,False,17
2026-08-03 15:15,71.69,21.62,10.64,93.7,36.0,45.2,False,False,False,False,11
2026-08-03 15:30,75.33,19.88,11.783,91.9,34.2,44.2,False,False,False,False,10
2026-08-03 15:45,75.23,19.02,11.945,90.2,32.4,43.2,False,False,False,False,15
2026-08-03 16:00,90.6,16.82,15.678,88.9,30.9,41.8,False,False,False,False,7
2026-08-03 16:15,85.96,15.49,14.975,87.4,28.9,40.6,False,False,False,False,9
2026-08-03 16:30,83.23,11.92,15.153,85.8,27.0,39.1,False,False,False,False,9
2026-08-03 16:45,88.31,9.09,16.834,84.2,25.4,38.4,False,False,False,False,14
2026-08-03 17:00,77.72,10.68,14.246,82.8,23.8,37.5,False,False,False,False,12
2026-08-03 17:15,95.0,4.31,19.272,81.3,22.0,36.3,False,False,False,False,13
2026-08-03 17:30,79.34,2.4,16.35,80.0,20.2,35.5,False,False,False,False,16
2026-08-03 17:45,79.57,2.74,16.326,78.7,18.3,34.4,False,True,False,True,14
2026-08-03 18:00,47.21,1.95,9.618,78.6,19.5,34.0,False,True,False,True,0
2026-08-03 18:15,53.05,0.0,11.273,77.9,21.0,33.6,False,True,False,True,0
2026-08-03 18:30,48.8,0.0,10.37,77.7,22.5,33.2,False,True,False,True,0
2026-08-03 18:45,48.12,0.0,10.225,77.5,24.5,33.3,False,True,False,True,0
2026-08-03 19:00,49.92,0.0,10.608,77.1,26.0,33.2,False,True,False,True,0
2026-08-03 19:15,43.6,0.0,9.265,76.7,27.5,33.0,False,True,False,True,0
2026-08-03 19:30,45.81,0.0,9.735,76.5,28.8,32.7,False,True,False,True,0
2026-08-03 19:45,52.5,0.0,11.156,76.0,30.4,32.6,False,True,False,True,0
2026-08-03 20:00,50.49,0.0,10.729,75.8,32.4,32.5,False,True,False,True,0
2026-08-03 20:15,57.15,0.0,12.144,75.4,33.5,32.3,False,True,False,True,0
2026-08-03 20:30,53.69,0.0,11.409,75.0,35.1,31.9,False,True,False,True,0
2026-08-03 20:45,48.27,0.0,10.257,74.6,36.9,31.5,False,True,False,True,0
2026-08-03 21:00,44.34,0.0,9.422,74.3,39.1,31.1,False,True,False,True,0
2026-08-03 21:15,44.64,0.0,9.486,74.1,40.9,30.7,False,True,False,True,0
2026-08-03 21:30,51.15,0.0,10.869,73.7,42.9,29.9,False,True,False,True,0
2026-08-03 21:45,50.57,0.0,10.746,73.6,44.5,29.7,False,True,False,True,0
2026-08-03 22:00,54.19,0.0,11.515,73.0,45.7,29.4,False,True,False,True,0
2026-08-03 22:15,40.9,0.0,8.691,72.7,46.8,29.1,False,True,False,True,0
2026-08-03 22:30,49.02,0.0,10.417,71.9,48.2,28.6,False,True,False,True,0
2026-08-03 22:45,47.13,0.0,10.015,71.5,49.8,27.8,False,True,False,True,0
2026-08-03 23:00,45.11,0.0,9.586,71.1,51.3,27.5,False,True,False,True,0
2026-08-03 23:15,45.99,0.0,9.773,70.9,52.8,27.1,False,True,False,True,0
2026-08-03 23:30,50.81,0.0,10.797,70.4,54.9,26.6,False,True,False,True,0
2026-08-03 23:45,47.14,0.0,10.017,70.0,55.8,26.4,False,True,False,True,0
2026-08-04 00:00,48.49,0.0,10.304,69.5,57.1,26.2,False,True,False,True,0
2026-08-04 00:15,47.27,0.0,10.045,69.0,59.4,26.5,False,True,False,True,0
2026-08-04 00:30,45.53,0.0,9.675,68.6,61.1,26.1,False,True,False,True,0
2026-08-04 00:45,47.81,0.0,10.16,68.0,62.5,26.0,False,True,False,True,0
2026-08-04 01:00,51.49,0.0,10.942,67.8,63.7,25.6,False,True,False,True,0
2026-08-04 01:15,41.71,0.0,8.863,67.5,65.6,25.3,False,True,False,True,0
2026-08-04 01:30,46.86,0.0,9.958,67.0,67.4,25.2,False,True,False,True,0
2026-08-04 01:45,50.0,0.0,10.625,66.8,69.2,25.0,False,True,False,True,0
2026-08-04 02:00,48.11,0.0,10.223,66.4,70.4,24.7,False,True,False,True,0
2026-08-04 02:15,44.41,0.0,9.437,65.8,72.1,24.5,False,True,False,True,0
2026-08-04 02:30,40.51,0.0,8.608,65.4,73.6,24.3,False,True,False,True,0
2026-08-04 02:45,51.51,0.0,10.946,65.1,75.3,24.0,False,True,False,True,0
2026-08-04 03:00,53.87,0.0,11.447,64.5,76.4,23.7,False,True,False,True,0
2026-08-04 03:15,40.12,0.0,8.526,64.4,78.2,23.4,False,True,False,True,0
2026-08-04 03:30,51.77,0.0,11.001,64.1,80.3,23.0,False,True,False,True,0
2026-08-04 03:45,47.68,0.0,10.132,63.5,81.5,22.8,False,True,False,True,0
2026-08-04 04:00,51.04,0.0,10.846,63.3,83.3,22.5,False,True,False,True,0
2026-08-04 04:15,44.5,0.0,9.456,62.9,85.4,22.2,False,True,False,True,0
2026-08-04 04:30,47.95,0.0,10.189,62.6,87.3,22.0,False,True,False,True,0
2026-08-04 04:45,54.64,0.0,11.611,61.9,88.9,21.9,False,True,False,True,0
2026-08-04 05:00,48.02,0.0,10.204,61.8,90.5,21.6,False,True,False,True,0
2026-08-04 05:15,53.0,0.0,11.262,61.6,91.9,21.5,False,True,False,True,0
2026-08-04 05:30,50.54,0.0,10.74,61.3,93.6,21.0,False,True,False,True,0
2026-08-04 05:45,47.09,0.0,10.007,60.8,94.9,20.6,False,True,False,True,0
2026-08-04 06:00,56.57,0.0,12.021,60.4,96.5,20.6,False,False,False,False,0
2026-08-04 06:15,50.34,3.1,10.038,59.9,96.2,20.2,False,False,False,False,0
2026-08-04 06:30,51.47,4.72,9.934,59.3,96.1,20.0,False,False,True,True,0
2026-08-04 06:45,41.63,4.14,7.967,58.8,95.3,22.1,False,False,True,True,0
2026-08-04 07:00,52.38,5.67,9.926,58.7,95.3,23.9,False,False,True,True,0
2026-08-04 07:15,43.42,11.37,6.811,58.6,94.5,26.0,False,False,True,True,0
2026-08-04 07:30,56.06,11.84,9.397,58.3,94.5,28.1,False,False,True,True,0
2026-08-04 07:45,40.39,12.39,5.95,58.1,93.8,29.7,False,False,True,True,0
2026-08-04 08:00,79.11,15.5,13.517,56.7,92.0,31.9,False,False,True,True,9
2026-08-04 08:15,87.38,17.94,14.756,55.1,90.6,33.7,False,False,True,True,15
2026-08-04 08:30,82.54,19.08,13.485,53.8,89.0,35.4,False,False,True,True,11
2026-08-04 08:45,90.73,18.91,15.262,52.1,87.4,37.3,False,False,True,True,14
2026-08-04 09:00,90.29,24.54,13.972,50.4,85.8,39.4,False,False,True,True,15
2026-08-04 09:15,80.52,24.89,11.821,49.0,83.9,40.9,False,False,True,True,12
2026-08-04 09:30,77.07,24.59,11.152,47.7,82.4,43.4,False,False,True,True,12
2026-08-04 09:45,81.98,25.84,11.93,46.0,81.0,45.6,False,False,True,True,10
2026-08-04 10:00,82.46,27.71,11.634,44.7,79.0,47.4,False,False,True,True,17
2026-08-04 10:15,74.09,26.9,10.028,43.2,77.2,49.4,False,False,True,True,10
2026-08-04 10:30,86.33,29.49,12.078,41.7,75.4,51.9,False,False,True,True,11
2026-08-04 10:45,82.12,28.23,11.452,40.0,73.7,53.8,False,False,True,True,15
2026-08-04 11:00,82.13,30.34,11.005,38.5,71.8,55.7,False,False,True,True,14
2026-08-04 11:15,68.77,29.49,8.347,37.0,70.0,58.1,False,False,True,True,12
2026-08-04 11:30,87.25,29.89,12.189,35.4,68.3,60.4,False,False,True,True,10
2026-08-04 11:45,78.4,33.41,9.56,34.0,66.6,62.1,False,False,True,True,14
2026-08-04 12:00,68.1,31.57,7.763,32.4,64.6,64.3,False,False,True,True,11
2026-08-04 12:15,89.71,31.68,12.331,31.0,62.6,66.5,False,False,True,True,14
2026-08-04 12:30,95.0,28.82,14.063,29.5,60.7,68.6,False,False,True,True,17
2026-08-04 12:45,89.45,30.18,12.595,28.4,58.4,70.8,False,False,True,True,18
2026-08-04 13:00,80.82,30.98,10.591,26.9,56.6,72.6,False,False,True,True,13
2026-08-04 13:15,81.82,30.06,10.999,25.7,54.8,75.2,False,False,True,True,8
2026-08-04 13:30,68.66,26.52,8.955,24.2,52.7,77.1,False,False,True,True,14
2026-08-04 13:45,68.75,28.5,8.553,22.2,50.9,78.8,False,False,True,True,10
2026-08-04 14:00,88.25,27.72,12.863,20.9,49.1,80.8,False,False,True,True,8
2026-08-04 14:15,67.6,27.73,8.472,19.2,47.4,82.2,True,False,True,True,12
2026-08-04 14:30,71.23,24.2,9.994,21.3,45.5,84.0,True,False,True,True,10
2026-08-04 14:45,81.92,20.99,12.948,22.8,44.1,85.6,True,False,True,True,13
2026-08-04 15:00,77.98,21.08,12.091,24.8,42.5,87.8,True,False,True,True,10
2026-08-04 15:15,75.73,19.45,11.96,26.5,40.9,90.3,True,False,True,True,15
2026-08-04 15:30,78.33,20.06,12.382,28.2,39.6,92.4,True,False,True,True,12
2026-08-04 15:45,93.96,14.24,16.94,30.2,37.6,94.7,True,False,True,True,14
2026-08-04 16:00,70.19,15.21,11.683,31.9,36.0,96.5,True,False,False,True,14
2026-08-04 16:15,89.34,15.64,15.661,33.5,34.4,95.2,True,False,False,True,16
2026-08-04 16:30,80.88,12.06,14.624,35.5,32.5,94.1,True,False,False,True,8
2026-08-04 16:45,84.75,11.2,15.629,37.7,31.0,92.5,True,False,False,True,9
2026-08-04 17:00,88.62,6.18,17.518,39.5,29.1,91.2,True,False,False,True,9
2026-08-04 17:15,86.27,4.22,17.436,41.5,27.0,90.1,True,False,False,True,12
2026-08-04 17:30,82.91,5.84,16.377,42.9,25.6,89.0,True,False,False,True,9
2026-08-04 17:45,71.35,2.18,14.699,44.7,23.6,88.3,True,False,False,True,15
2026-08-04 18:00,51.39,0.12,10.895,46.6,23.1,87.8,True,False,False,True,0
2026-08-04 18:15,51.54,0.0,10.952,48.2,22.4,87.2,True,False,False,True,0
2026-08-04 18:30,53.89,0.0,11.452,50.2,21.9,86.8,True,False,False,True,0
2026-08-04 18:45,43.24,0.0,9.188,52.0,21.7,86.4,True,False,False,True,0
2026-08-04 19:00,46.93,0.0,9.973,53.9,21.5,86.2,True,False,False,True,0
2026-08-04 19:15,51.02,0.0,10.842,56.1,21.3,85.8,True,False,False,True,0
2026-08-04 19:30,46.59,0.0,9.9,58.3,21.0,85.6,True,False,False,True,0
2026-08-04 19:45,45.69,0.0,9.709,59.7,20.3,85.2,True,False,False,True,0
2026-08-04 20:00,51.38,0.0,10.918,61.3,19.8,85.1,True,True,False,True,0
2026-08-04 20:15,50.96,0.0,10.829,63.3,21.5,84.9,True,True,False,True,0
2026-08-04 20:30,47.76,0.0,10.149,65.0,23.5,84.8,True,True,False,True,0
2026-08-04 20:45,53.66,0.0,11.403,67.4,24.6,84.3,True,True,False,True,0
2026-08-04 21:00,53.21,0.0,11.307,69.5,25.8,84.5,True,True,False,True,0
2026-08-04 21:15,48.43,0.0,10.291,71.1,27.0,83.9,True,True,False,True,0
2026-08-04 21:30,51.69,0.0,10.984,72.6,28.7,83.2,True,True,False,True,0
2026-08-04 21:45,57.27,0.0,12.17,74.0,29.8,82.9,True,True,False,True,0
2026-08-04 22:00,45.06,0.0,9.575,76.0,31.2,83.0,True,True,False,True,0
2026-08-04 22:15,35.82,0.0,7.612,77.6,33.2,82.3,True,True,False,True,0
2026-08-04 22:30,54.14,0.0,11.505,79.2,35.1,82.0,True,True,False,True,0
2026-08-04 22:45,49.06,0.0,10.425,80.6,37.2,81.7,True,True,False,True,0
2026-08-04 23:00,51.78,0.0,11.003,82.7,38.6,81.5,True,True,False,True,0
2026-08-04 23:15,53.95,0.0,11.464,84.2,39.9,81.2,True,True,False,True,0
2026-08-04 23:30,45.51,0.0,9.671,85.8,41.6,80.7,True,True,False,True,0
2026-08-04 23:45,42.91,0.0,9.118,87.0,42.9,80.4,True,True,False,True,0
2026-08-05 00:00,43.5,0.0,9.244,88.9,44.5,80.1,True,True,False,True,0
2026-08-05 00:15,43.92,0.0,9.333,90.8,46.0,79.7,True,True,False,True,0
2026-08-05 00:30,48.73,0.0,10.355,92.8,47.8,79.4,True,True,False,True,0
2026-08-05 00:45,48.74,0.0,10.357,95.0,49.8,79.3,False,True,False,True,0
2026-08-05 01:00,44.98,0.0,9.558,94.6,51.9,79.0,False,True,False,True,0
2026-08-05 01:15,44.92,0.0,9.546,94.3,53.8,78.9,False,True,False,True,0
2026-08-05 01:30,37.48,0.0,7.964,94.3,55.3,78.5,False,True,False,True,0
2026-08-05 01:45,46.61,0.0,9.905,93.9,57.1,78.3,False,True,False,True,0
2026-08-05 02:00,43.75,0.0,9.297,93.5,58.6,78.1,False,True,False,True,0
2026-08-05 02:15,49.43,0.0,10.504,93.1,59.9,77.7,False,True,False,True,0
2026-08-05 02:30,54.33,0.0,11.545,93.1,61.1,77.8,False,True,False,True,0
2026-08-05 02:45,52.74,0.0,11.207,92.5,62.5,77.7,False,True,False,True,0
2026-08-05 03:00,47.72,0.0,10.14,92.0,64.2,77.6,False,True,False,True,0
2026-08-05 03:15,48.21,0.0,10.245,91.7,66.1,77.3,False,True,False,True,0
2026-08-05 03:30,48.05,0.0,10.211,91.4,67.7,76.9,False,True,False,True,0
2026-08-05 03:45,47.16,0.0,10.022,91.5,69.5,76.5,False,True,False,True,0
2026-08-05 04:00,47.85,0.0,10.168,91.0,70.9,76.0,False,True,False,True,0
2026-08-05 04:15,47.51,0.0,10.096,90.7,73.0,75.6,False,True,False,True,0
2026-08-05 04:30,51.43,0.0,10.929,90.6,74.7,75.2,False,True,False,True,0
2026-08-05 04:45,45.47,0.0,9.662,89.9,76.2,75.1,False,True,False,True,0
2026-08-05 05:00,53.31,0.0,11.328,89.2,78.0,74.7,False,True,False,True,0
2026-08-05 05:15,48.03,0.0,10.206,88.7,79.5,74.3,False,True,False,True,0
2026-08-05 05:30,48.87,0.0,10.385,88.3,81.2,73.9,False,True,False,True,0
2026-08-05 05:45,45.98,0.0,9.771,88.2,83.3,73.5,False,True,False,True,0
2026-08-05 06:00,39.89,0.5,8.37,87.9,84.7,72.8,False,True,False,True,0
2026-08-05 06:15,46.98,1.18,9.732,87.4,86.2,72.8,False,True,False,True,0
2026-08-05 06:30,44.72,2.56,8.959,87.1,87.8,72.6,False,True,False,True,0
2026-08-05 06:45,34.97,5.76,6.207,86.7,89.4,72.2,False,True,False,True,0
2026-08-05 07:00,44.66,7.02,7.998,86.3,91.6,71.4,False,True,False,True,0
2026-08-05 07:15,48.59,10.69,8.054,86.2,93.5,71.4,False,True,False,True,0
2026-08-05 07:30,50.28,12.6,8.007,85.7,95.5,71.1,False,False,False,False,0
2026-08-05 07:45,49.28,13.38,7.629,85.1,95.5,70.7,False,False,False,False,0
2026-08-05 08:00,87.45,18.13,14.731,83.7,93.7,69.4,False,False,False,False,11
2026-08-05 08:15,84.88,16.62,14.505,82.4,91.8,68.6,False,False,False,False,8
2026-08-05 08:30,76.63,19.03,12.24,80.6,90.0,67.6,False,False,False,False,10
2026-08-05 08:45,86.48,21.54,13.8,78.9,88.2,66.5,False,False,False,False,14
2026-08-05 09:00,84.22,23.34,12.937,77.9,86.5,65.6,False,False,False,False,16
2026-08-05 09:15,91.08,25.22,13.995,76.5,84.6,64.7,False,False,False,False,11
2026-08-05 09:30,84.2,25.5,12.474,75.3,82.9,63.1,False,False,False,False,16
2026-08-05 09:45,80.91,27.45,11.36,74.0,81.1,61.9,False,False,False,False,7
2026-08-05 10:00,95.0,26.48,14.56,72.7,79.5,60.7,False,False,False,False,13
2026-08-05 10:15,82.18,29.35,11.226,71.3,77.7,59.6,False,False,False,False,13
2026-08-05 10:30,86.61,30.19,11.989,69.9,75.9,58.3,False,False,False,False,10
2026-08-05 10:45,91.81,31.64,12.786,68.7,73.9,57.3,False,False,False,False,14
2026-08-05 11:00,67.41,28.42,8.285,67.5,72.1,56.1,False,False,False,False,20
2026-08-05 11:15,78.46,29.81,10.338,66.4,70.4,54.3,False,False,False,False,14
2026-08-05 11:30,72.29,32.22,8.515,65.0,68.6,53.3,False,False,False,False,10
2026-08-05 11:45,86.43,28.25,12.363,63.5,66.7,51.7,False,False,False,False,18
2026-08-05 12:00,78.26,32.09,9.811,61.9,65.0,50.8,False,False,False,False,19
2026-08-05 12:15,73.64,32.7,8.7,60.3,63.3,49.3,False,False,False,False,16
2026-08-05 12:30,91.33,30.54,12.918,58.8,61.5,48.2,False,False,False,False,13
2026-08-05 12:45,83.62,30.38,11.314,57.4,59.8,47.0,False,False,False,False,18
2026-08-05 13:00,76.73,29.14,10.113,55.6,58.0,45.9,False,False,False,False,7
2026-08-05 13:15,71.03,29.2,8.889,54.3,55.9,44.5,False,False,False,False,5
2026-08-05 13:30,85.33,28.51,12.074,53.2,54.1,43.3,False,False,False,False,13
2026-08-05 13:45,87.13,27.43,12.686,51.8,52.0,42.4,False,False,False,False,13
2026-08-05 14:00,68.0,26.39,8.842,50.3,50.1,41.7,False,False,False,False,9
2026-08-05 14:15,79.12,25.87,11.316,48.6,48.3,40.3,False,False,False,False,10
2026-08-05 14:30,82.61,24.65,12.316,47.3,46.3,39.5,False,False,False,False,10
2026-08-05 14:45,90.73,25.93,13.77,46.2,44.3,38.6,False,False,False,False,11
2026-08-05 15:00,85.0,21.8,13.43,44.6,42.7,37.6,False,False,False,False,16
2026-08-05 15:15,76.08,21.18,11.666,43.2,40.8,36.7,False,False,False,False,12
2026-08-05 15:30,88.37,18.48,14.852,42.0,38.7,35.6,False,False,False,False,12
2026-08-05 15:45,79.12,16.79,13.245,40.7,37.1,34.4,False,False,False,False,16
2026-08-05 16:00,79.74,13.7,14.033,39.3,35.1,33.4,False,False,False,False,7
2026-08-05 16:15,79.7,12.05,14.376,38.2,33.1,32.1,False,False,False,False,12
2026-08-05 16:30,79.61,10.61,14.662,36.4,31.5,30.9,False,False,False,False,10
2026-08-05 16:45,81.15,10.35,15.045,35.0,29.7,29.6,False,False,False,False,16
2026-08-05 17:00,74.61,9.44,13.849,33.6,28.2,28.5,False,False,False,False,13
2026-08-05 17:15,85.53,4.0,17.325,31.9,26.6,27.4,False,False,False,False,15
2026-08-05 17:30,80.67,3.45,16.409,30.7,25.2,26.4,False,False,False,False,14
2026-08-05 17:45,78.67,0.42,16.628,29.2,23.4,25.5,False,False,False,False,8
2026-08-05 18:00,52.29,0.0,11.112,28.9,23.0,25.5,False,False,False,False,0
2026-08-05 18:15,43.29,0.0,9.199,28.4,22.7,25.4,False,False,False,False,0
2026-08-05 18:30,51.14,0.0,10.867,27.6,22.3,25.0,False,False,False,False,0
2026-08-05 18:45,46.51,0.0,9.883,27.4,21.9,24.7,False,False,False,False,0
2026-08-05 19:00,52.23,0.0,11.099,27.1,21.5,24.5,False,False,False,False,0
2026-08-05 19:15,44.03,0.0,9.356,26.3,21.2,24.1,False,False,False,False,0
2026-08-05 19:30,41.68,0.0,8.857,26.1,20.7,23.9,False,False,False,False,0
2026-08-05 19:45,41.23,0.0,8.761,25.4,20.4,23.8,False,False,False,False,0
2026-08-05 20:00,43.58,0.0,9.261,25.0,20.1,23.5,False,False,False,False,0
2026-08-05 20:15,45.57,0.0,9.684,24.5,19.4,23.0,False,True,False,True,0
2026-08-05 20:30,46.77,0.0,9.939,24.0,21.1,22.6,False,True,False,True,0
2026-08-05 20:45,57.54,0.0,12.227,23.6,22.2,22.5,False,True,False,True,0
2026-08-05 21:00,51.1,0.0,10.859,23.4,24.3,22.2,False,True,False,True,0
2026-08-05 21:15,43.9,0.0,9.329,23.1,25.6,21.5,False,True,False,True,0
2026-08-05 21:30,49.41,0.0,10.5,22.6,27.7,21.5,False,True,False,True,0
2026-08-05 21:45,48.1,0.0,10.221,22.3,29.4,21.2,False,True,False,True,0
2026-08-05 22:00,46.66,0.0,9.915,22.2,31.3,21.4,False,True,False,True,0
2026-08-05 22:15,52.36,0.0,11.126,22.0,32.4,21.2,False,True,False,True,0
2026-08-05 22:30,50.16,0.0,10.659,21.3,33.7,21.0,False,True,False,True,0
2026-08-05 22:45,46.17,0.0,9.811,20.7,35.1,20.6,False,True,False,True,0
2026-08-05 23:00,51.91,0.0,11.031,20.5,36.6,20.3,False,True,False,True,0
2026-08-05 23:15,40.8,0.0,8.67,20.1,38.0,19.9,False,True,True,True,0
2026-08-05 23:30,45.95,0.0,9.764,19.5,39.4,21.2,True,True,True,True,0
2026-08-05 23:45,57.33,0.0,12.183,21.4,40.9,23.2,True,True,True,True,0
2026-08-06 00:00,51.16,0.0,10.872,23.2,42.4,25.5,True,True,True,True,0
2026-08-06 00:15,53.67,0.0,11.405,25.2,43.9,27.4,True,True,True,True,0
2026-08-06 00:30,47.4,0.0,10.072,26.6,45.6,29.1,True,True,True,True,0
2026-08-06 00:45,52.78,0.0,11.216,28.2,46.7,30.6,True,True,True,True,0
2026-08-06 01:00,50.88,0.0,10.812,30.3,48.2,32.1,True,True,True,True,0
2026-08-06 01:15,49.83,0.0,10.589,32.1,49.5,34.1,True,True,True,True,0
2026-08-06 01:30,43.18,0.0,9.176,34.1,51.1,35.8,True,True,True,True,0
2026-08-06 01:45,48.73,0.0,10.355,35.9,52.9,37.6,True,True,True,True,0
2026-08-06 02:00,48.22,0.0,10.247,37.3,54.1,39.8,True,True,True,True,0
2026-08-06 02:15,51.14,0.0,10.867,39.2,55.5,41.3,True,True,True,True,0
2026-08-06 02:30,51.81,0.0,11.01,41.4,57.4,43.5,True,True,True,True,0
2026-08-06 02:45,50.9,0.0,10.816,43.4,59.3,45.6,True,True,True,True,0
2026-08-06 03:00,48.87,0.0,10.385,45.4,60.8,47.5,True,True,True,True,0
2026-08-06 03:15,48.67,0.0,10.342,46.9,62.6,48.9,True,True,True,True,0
2026-08-06 03:30,47.2,0.0,10.03,48.6,64.3,50.8,True,True,True,True,0
2026-08-06 03:45,53.6,0.0,11.39,50.3,66.0,52.9,True,True,True,True,0
2026-08-06 04:00,38.35,0.0,8.149,52.0,67.4,54.4,True,True,True,True,0
2026-08-06 04:15,46.68,0.0,9.92,53.6,69.1,56.3,True,True,True,True,0
2026-08-06 04:30,37.81,0.0,8.035,55.6,70.9,58.2,True,True,True,True,0
2026-08-06 04:45,40.05,0.0,8.511,57.5,72.3,59.4,True,True,True,True,0
2026-08-06 05:00,52.33,0.0,11.12,59.6,74.0,61.1,True,True,True,True,0
2026-08-06 05:15,52.53,0.0,11.163,61.9,75.3,63.2,True,True,True,True,0
2026-08-06 05:30,44.48,0.0,9.452,63.8,76.5,65.1,True,True,True,True,0
2026-08-06 05:45,40.69,0.0,8.647,65.7,78.3,67.5,True,True,True,True,0
2026-08-06 06:00,36.24,1.3,7.425,67.6,79.8,69.9,True,True,True,True,0
2026-08-06 06:15,43.53,2.78,8.659,68.9,81.2,71.5,True,True,True,True,0
2026-08-06 06:30,58.54,3.61,11.673,70.4,82.9,72.9,True,True,True,True,0
2026-08-06 06:45,52.0,5.01,9.985,72.3,84.7,75.2,True,True,True,True,0
2026-08-06 07:00,45.6,8.25,7.937,74.0,86.3,77.2,True,True,True,True,0
2026-08-06 07:15,49.46,10.42,8.296,75.8,88.4,79.4,True,True,True,True,0
2026-08-06 07:30,42.5,12.17,6.445,77.1,89.8,81.6,True,True,True,True,0
2026-08-06 07:45,42.75,13.72,6.169,79.0,91.2,83.6,True,True,True,True,0
2026-08-06 08:00,74.83,14.45,12.831,80.7,93.0,85.4,True,True,True,True,14
2026-08-06 08:15,72.33,18.01,11.543,82.6,94.3,87.6,True,True,True,True,10
2026-08-06 08:30,87.25,19.74,14.346,84.4,96.2,90.1,True,False,True,True,7
2026-08-06 08:45,85.59,21.01,13.723,85.8,94.7,91.8,True,False,True,True,7
2026-08-06 09:00,76.35,22.41,11.462,87.9,93.2,94.3,True,False,True,True,5
2026-08-06 09:15,75.42,25.7,10.566,89.3,91.4,96.2,True,False,False,True,16
2026-08-06 09:30,70.58,24.24,9.847,91.0,89.8,95.0,True,False,False,True,19
2026-08-06 09:45,83.06,27.73,11.758,92.7,87.7,94.1,True,False,False,True,13
2026-08-06 10:00,78.91,26.4,11.158,94.8,86.1,93.1,True,False,False,True,12
2026-08-06 10:15,82.22,29.58,11.186,96.6,84.4,91.8,False,False,False,False,18
2026-08-06 10:30,80.35,30.58,10.576,95.0,82.6,90.9,False,False,False,False,8
2026-08-06 10:45,86.6,29.48,12.138,93.5,80.8,89.8,False,False,False,False,13
2026-08-06 11:00,75.01,32.42,9.05,92.1,78.8,88.7,False,False,False,False,7
2026-08-06 11:15,69.5,31.46,8.083,90.8,77.2,87.2,False,False,False,False,15
2026-08-06 11:30,90.79,30.18,12.88,89.4,75.5,86.2,False,False,False,False,12
2026-08-06 11:45,92.22,30.98,13.013,88.0,74.0,85.2,False,False,False,False,18
2026-08-06 12:00,84.49,32.86,10.971,86.5,72.0,83.8,False,False,False,False,9
2026-08-06 12:15,85.98,32.54,11.356,85.2,70.2,82.8,False,False,False,False,15
2026-08-06 12:30,63.19,29.96,7.061,83.5,68.4,81.8,False,False,False,False,8
2026-08-06 12:45,62.08,30.73,6.662,82.0,66.6,80.5,False,False,False,False,9
2026-08-06 13:00,79.11,30.67,10.294,80.8,65.1,79.3,False,False,False,False,15
2026-08-06 13:15,79.3,29.22,10.642,79.0,63.2,78.2,False,False,False,False,16
2026-08-06 13:30,66.0,31.93,7.24,77.9,61.4,77.2,False,False,False,False,11
2026-08-06 13:45,83.01,28.53,11.577,76.4,59.3,76.1,False,False,False,False,2
2026-08-06 14:00,78.65,27.21,10.931,75.1,57.5,74.8,False,False,False,False,9
2026-08-06 14:15,91.2,27.62,13.511,73.3,55.9,73.7,False,False,False,False,8
2026-08-06 14:30,71.38,24.55,9.951,71.7,54.2,72.2,False,False,False,False,13
2026-08-06 14:45,85.45,24.89,12.869,70.5,52.1,71.3,False,False,False,False,10
2026-08-06 15:00,73.31,20.27,11.271,68.8,50.5,70.8,False,False,False,False,12
2026-08-06 15:15,75.89,20.23,11.828,67.8,49.1,69.5,False,False,False,False,7
2026-08-06 15:30,88.44,20.43,14.452,66.2,47.2,68.1,False,False,False,False,10
2026-08-06 15:45,72.43,19.38,11.273,64.8,45.2,67.0,False,False,False,False,20
2026-08-06 16:00,95.0,14.82,17.038,63.5,43.4,65.6,False,False,False,False,18
2026-08-06 16:15,81.99,12.86,14.69,61.9,41.9,64.8,False,False,False,False,8
2026-08-06 16:30,83.48,12.74,15.032,60.3,39.7,63.6,False,False,False,False,9
2026-08-06 16:45,79.64,9.38,14.93,58.8,38.1,62.6,False,False,False,False,6
2026-08-06 17:00,95.0,7.83,18.524,57.3,36.2,61.5,False,False,False,False,15
2026-08-06 17:15,88.2,7.2,17.212,55.8,34.1,60.1,False,False,False,False,10
2026-08-06 17:30,70.3,3.46,14.204,54.4,32.3,58.9,False,False,False,False,12
2026-08-06 17:45,92.05,0.0,19.561,52.9,30.5,58.3,False,False,False,False,16
2026-08-06 18:00,49.34,0.0,10.485,52.9,29.7,57.9,False,False,False,False,0
2026-08-06 18:15,57.24,0.0,12.164,53.2,29.5,57.2,False,False,False,False,0
2026-08-06 18:30,51.17,0.0,10.874,52.7,28.9,57.3,False,False,False,False,0
2026-08-06 18:45,50.67,0.0,10.767,52.3,28.3,57.4,False,False,False,False,0
2026-08-06 19:00,44.86,0.0,9.533,52.1,27.6,57.3,False,False,False,False,0
2026-08-06 19:15,42.81,0.0,9.097,51.9,27.2,57.3,False,False,False,False,0
2026-08-06 19:30,41.18,0.0,8.751,51.3,26.7,57.1,False,False,False,False,0
2026-08-06 19:45,46.4,0.0,9.86,51.0,26.3,56.8,False,False,False,False,0
2026-08-06 20:00,44.97,0.0,9.556,50.8,26.0,56.2,False,False,False,False,0
2026-08-06 20:15,48.83,0.0,10.376,50.6,25.8,55.5,False,False,False,False,0
2026-08-06 20:30,48.41,0.0,10.287,50.1,25.2,55.5,False,False,False,False,0
2026-08-06 20:45,43.93,0.0,9.335,50.2,24.7,55.0,False,False,False,False,0
2026-08-06 21:00,52.16,0.0,11.084,49.9,24.0,54.6,False,False,False,False,0
2026-08-06 21:15,56.09,0.0,11.919,49.7,24.1,54.3,False,False,False,False,0
2026-08-06 21:30,47.12,0.0,10.013,49.3,23.8,53.9,False,False,False,False,0
2026-08-06 21:45,44.52,0.0,9.46,48.8,23.3,53.8,False,False,False,False,0
2026-08-06 22:00,52.22,0.0,11.097,48.6,22.5,53.5,False,False,False,False,0
2026-08-06 22:15,49.23,0.0,10.461,48.3,22.2,53.3,False,False,False,False,0
2026-08-06 22:30,45.09,0.0,9.582,48.3,22.1,53.1,False,False,False,False,0
2026-08-06 22:45,48.06,0.0,10.213,48.0,21.8,52.5,False,False,False,False,0
2026-08-06 23:00,48.55,0.0,10.317,47.9,21.4,52.1,False,False,False,False,0
2026-08-06 23:15,40.83,0.0,8.676,47.5,20.7,51.9,False,False,False,False,0
2026-08-06 23:30,45.52,0.0,9.673,47.2,20.1,51.8,False,False,False,False,0
2026-08-06 23:45,38.51,0.0,8.183,46.9,19.5,51.4,False,True,False,True,0
2026-08-07 00:00,54.1,0.0,11.496,46.5,21.1,51.1,False,True,False,True,0
2026-08-07 00:15,50.27,0.0,10.682,46.3,23.3,51.1,False,True,False,True,0
2026-08-07 00:30,49.5,0.0,10.519,46.2,24.7,50.7,False,True,False,True,0
2026-08-07 00:45,49.51,0.0,10.521,46.3,26.3,50.6,False,True,False,True,0
2026-08-07 01:00,37.87,0.0,8.047,46.0,28.1,50.3,False,True,False,True,0
2026-08-07 01:15,41.69,0.0,8.859,45.6,29.6,49.9,False,True,False,True,0
2026-08-07 01:30,48.07,0.0,10.215,45.3,31.1,49.6,False,True,False,True,0
2026-08-07 01:45,42.1,0.0,8.946,45.1,32.9,49.1,False,True,False,True,0
2026-08-07 02:00,48.89,0.0,10.389,44.5,34.3,48.9,False,True,False,True,0
2026-08-07 02:15,58.37,0.0,12.404,44.3,35.8,48.7,False,True,False,True,0
2026-08-07 02:30,44.0,0.0,9.35,43.6,37.4,48.4,False,True,False,True,0
2026-08-07 02:45,44.18,0.0,9.388,43.3,39.7,48.0,False,True,False,True,0
2026-08-07 03:00,50.22,0.0,10.672,43.1,41.5,47.5,False,True,False,True,0
2026-08-07 03:15,54.46,0.0,11.573,42.8,43.0,47.2,False,True,False,True,0
2026-08-07 03:30,43.88,0.0,9.324,42.4,44.8,46.8,False,True,False,True,0
2026-08-07 03:45,47.36,0.0,10.064,42.0,46.1,46.2,False,True,False,True,0
2026-08-07 04:00,59.43,0.0,12.629,41.3,47.9,46.2,False,True,False,True,0
2026-08-07 04:15,40.23,0.0,8.549,40.9,49.0,46.0,False,True,False,True,0
2026-08-07 04:30,45.99,0.0,9.773,40.4,50.8,45.5,False,True,False,True,0
2026-08-07 04:45,45.93,0.0,9.76,39.9,52.4,45.4,False,True,False,True,0
2026-08-07 05:00,47.53,0.0,10.1,39.4,53.6,45.3,False,True,False,True,0
2026-08-07 05:15,52.72,0.0,11.203,38.7,55.4,45.2,False,True,False,True,0
2026-08-07 05:30,51.26,0.0,10.893,38.4,57.3,44.9,False,True,False,True,0
2026-08-07 05:45,39.22,0.0,8.334,38.2,59.0,44.4,False,True,False,True,0
2026-08-07 06:00,52.21,0.0,11.095,38.0,60.7,44.0,False,True,False,True,0
2026-08-07 06:15,49.38,2.8,9.898,37.7,61.9,43.6,False,True,False,True,0
2026-08-07 06:30,52.58,1.86,10.778,37.8,63.8,43.1,False,True,False,True,0
2026-08-07 06:45,45.56,7.08,8.177,37.3,64.8,42.6,False,True,False,True,0
2026-08-07 07:00,44.41,8.12,7.712,37.1,66.2,42.3,False,True,False,True,0
2026-08-07 07:15,49.47,9.54,8.485,36.6,68.4,42.1,False,True,False,True,0
2026-08-07 07:30,54.47,11.78,9.072,36.2,69.7,41.7,False,True,False,True,0
2026-08-07 07:45,47.78,13.74,7.233,36.1,70.8,41.2,False,True,False,True,0
2026-08-07 08:00,73.88,17.31,12.021,34.2,72.1,39.7,False,True,False,True,6
2026-08-07 08:15,80.49,21.38,12.561,32.9,73.8,38.5,False,True,False,True,6
2026-08-07 08:30,67.38,20.64,9.932,31.7,75.4,37.4,False,True,False,True,22
2026-08-07 08:45,74.25,20.09,11.509,30.3,77.3,36.4,False,True,False,True,9
2026-08-07 09:00,72.33,23.03,10.476,28.8,79.0,35.2,False,True,False,True,10
2026-08-07 09:15,83.48,24.49,12.535,27.6,80.3,33.9,False,True,False,True,13
2026-08-07 09:30,86.86,23.88,13.383,26.0,82.2,32.3,False,True,False,True,12
2026-08-07 09:45,74.58,24.68,10.604,24.5,83.6,30.9,False,True,False,True,17
2026-08-07 10:00,89.88,27.2,13.319,23.1,85.5,30.2,False,True,False,True,16
2026-08-07 10:15,88.52,29.22,12.601,21.9,87.5,29.0,False,True,False,True,11
2026-08-07 10:30,75.92,27.17,10.359,20.4,89.3,27.9,False,True,False,True,11
2026-08-07 10:45,89.97,28.96,12.965,19.0,91.3,26.8,True,True,False,True,16
2026-08-07 11:00,76.53,31.11,9.652,20.2,92.5,25.4,True,True,False,True,7
2026-08-07 11:15,89.38,30.94,12.418,22.1,94.0,24.4,True,True,False,True,18
2026-08-07 11:30,85.53,32.93,11.178,23.6,95.7,23.5,True,False,False,True,11
2026-08-07 11:45,69.19,29.74,8.383,25.3,94.2,22.4,True,False,False,True,9
2026-08-07 12:00,83.02,34.32,10.349,26.8,92.1,20.9,True,False,False,True,12
2026-08-07 12:15,89.4,29.59,12.71,28.5,90.1,19.6,True,False,True,True,14
2026-08-07 12:30,77.08,28.8,10.26,30.2,88.2,21.8,True,False,True,True,12
2026-08-07 12:45,88.58,30.82,12.274,31.9,86.3,23.9,True,False,True,True,13
2026-08-07 13:00,79.66,29.07,10.75,33.5,84.6,25.9,True,False,True,True,9
2026-08-07 13:15,63.09,29.78,7.078,35.1,83.0,27.5,True,False,True,True,9
2026-08-07 13:30,90.02,29.01,12.965,37.2,81.4,29.5,True,False,True,True,10
2026-08-07 13:45,80.44,28.02,11.139,39.1,79.6,31.6,True,False,True,True,11
2026-08-07 14:00,74.0,26.27,10.143,41.1,77.8,33.2,True,False,True,True,12
2026-08-07 14:15,79.78,26.71,11.277,43.3,76.1,35.0,True,False,True,True,12
2026-08-07 14:30,81.26,24.61,12.038,44.9,74.2,37.4,True,False,True,True,12
2026-08-07 14:45,76.72,25.01,10.988,46.8,72.7,39.7,True,False,True,True,11
2026-08-07 15:00,82.37,22.06,12.816,48.4,71.1,41.4,True,False,True,True,12
2026-08-07 15:15,75.13,19.61,11.798,50.0,69.3,43.5,True,False,True,True,10
2026-08-07 15:30,82.41,17.15,13.868,52.2,67.3,45.2,True,False,True,True,7
2026-08-07 15:45,86.7,17.29,14.75,53.7,65.8,47.3,True,False,True,True,16
2026-08-07 16:00,68.93,14.23,11.624,56.2,64.0,48.9,True,False,True,True,5
2026-08-07 16:15,83.08,12.31,15.039,58.7,62.1,50.7,True,False,True,True,13
2026-08-07 16:30,86.02,12.69,15.583,59.9,60.3,52.4,True,False,True,True,12
2026-08-07 16:45,69.59,7.99,13.09,61.9,58.5,54.5,True,False,True,True,13
2026-08-07 17:00,72.21,9.85,13.251,63.5,56.8,56.8,True,False,True,True,15
2026-08-07 17:15,90.41,6.34,17.865,65.4,55.0,59.5,True,False,True,True,12
2026-08-07 17:30,85.15,4.06,17.232,67.3,53.3,61.3,True,False,True,True,12
2026-08-07 17:45,63.81,0.82,13.385,68.3,51.8,62.9,True,False,True,True,9
2026-08-07 18:00,46.4,0.92,9.664,70.1,51.1,64.8,True,False,True,True,0
2026-08-07 18:15,45.14,0.0,9.592,72.3,50.6,67.3,True,False,True,True,0
2026-08-07 18:30,58.91,0.0,12.518,74.2,50.2,69.0,True,False,True,True,0
2026-08-07 18:45,47.45,0.0,10.083,76.5,49.5,71.4,True,False,True,True,0
2026-08-07 19:00,52.67,0.0,11.192,78.1,49.1,73.1,True,False,True,True,0
2026-08-07 19:15,42.96,0.0,9.129,80.5,48.5,74.8,True,False,True,True,0
2026-08-07 19:30,47.15,0.0,10.019,82.3,48.4,76.6,True,False,True,True,0
2026-08-07 19:45,47.25,0.0,10.041,83.7,48.0,78.6,True,False,True,True,0
2026-08-07 20:00,47.24,0.0,10.038,85.6,47.4,80.7,True,False,True,True,0
2026-08-07 20:15,48.42,0.0,10.289,87.9,46.6,82.8,True,False,True,True,0
2026-08-07 20:30,56.63,0.0,12.034,89.8,45.8,84.8,True,False,True,True,0
2026-08-07 20:45,46.51,0.0,9.883,91.7,45.1,87.0,True,False,True,True,0
2026-08-07 21:00,41.16,0.0,8.746,93.5,44.2,88.9,True,False,True,True,0
2026-08-07 21:15,49.21,0.0,10.457,94.6,43.9,91.1,True,False,True,True,0
2026-08-07 21:30,39.05,0.0,8.298,97.0,43.7,93.4,False,False,True,True,0
2026-08-07 21:45,47.04,0.0,9.996,96.3,43.7,95.5,False,False,False,False,0
2026-08-07 22:00,47.58,0.0,10.111,95.6,43.2,95.3,False,False,False,False,0
2026-08-07 22:15,44.15,0.0,9.382,95.2,42.8,95.2,False,False,False,False,0
2026-08-07 22:30,43.47,0.0,9.237,94.8,42.1,94.9,False,False,False,False,0
2026-08-07 22:45,47.66,0.0,10.128,94.5,41.7,94.5,False,False,False,False,0
2026-08-07 23:00,48.39,0.0,10.283,93.8,40.9,94.8,False,False,False,False,0
2026-08-07 23:15,37.22,0.0,7.909,93.3,40.7,94.7,False,False,False,False,0
2026-08-07 23:30,49.33,0.0,10.483,93.2,39.9,94.5,False,False,False,False,0
2026-08-07 23:45,49.48,0.0,10.514,92.9,39.5,94.4,False,False,False,False,0
2026-08-08 00:00,44.74,0.0,9.507,92.5,38.7,94.0,False,False,False,False,0
2026-08-08 00:15,45.81,0.0,9.735,92.2,38.1,93.9,False,False,False,False,0
2026-08-08 00:30,52.02,0.0,11.054,91.7,37.8,93.8,False,False,False,False,0
2026-08-08 00:45,49.81,0.0,10.585,91.0,37.1,93.1,False,False,False,False,0
2026-08-08 01:00,59.33,0.0,12.608,90.2,36.8,93.0,False,False,False,False,0
2026-08-08 01:15,51.87,0.0,11.022,89.7,36.1,92.7,False,False,False,False,0
2026-08-08 01:30,51.12,0.0,10.863,89.5,35.6,92.5,False,False,False,False,0
2026-08-08 01:45,50.17,0.0,10.661,89.0,35.0,92.3,False,False,False,False,0
2026-08-08 02:00,52.48,0.0,11.152,88.8,34.6,92.1,False,False,False,False,0
2026-08-08 02:15,50.84,0.0,10.804,88.6,34.2,91.8,False,False,False,False,0
2026-08-08 02:30,55.49,0.0,11.792,88.4,33.7,91.5,False,False,False,False,0
2026-08-08 02:45,45.73,0.0,9.718,88.0,33.7,91.0,False,False,False,False,0
2026-08-08 03:00,46.32,0.0,9.843,87.6,33.0,90.8,False,False,False,False,0
2026-08-08 03:15,49.53,0.0,10.525,87.0,32.6,90.3,False,False,False,False,0
2026-08-08 03:30,54.41,0.0,11.562,86.6,32.1,90.5,False,False,False,False,0
2026-08-08 03:45,53.98,0.0,11.471,86.6,31.8,89.9,False,False,False,False,0
2026-08-08 04:00,45.26,0.0,9.618,86.1,31.3,89.9,False,False,False,False,0
2026-08-08 04:15,49.23,0.0,10.461,85.6,30.9,89.7,False,False,False,False,0
2026-08-08 04:30,50.86,0.0,10.808,85.0,30.1,89.2,False,False,False,False,0
2026-08-08 04:45,47.65,0.0,10.126,84.8,29.9,88.5,False,False,False,False,0
2026-08-08 05:00,51.16,0.0,10.872,84.5,29.2,88.1,False,False,False,False,0
2026-08-08 05:15,39.66,0.0,8.428,84.2,28.9,87.6,False,False,False,False,0
2026-08-08 05:30,44.65,0.0,9.488,83.7,28.3,87.4,False,False,False,False,0
2026-08-08 05:45,43.54,0.0,9.252,83.7,27.9,86.6,False,False,False,False,0
2026-08-08 06:00,38.98,0.09,8.264,83.4,27.7,86.7,False,False,False,False,0
2026-08-08 06:15,44.68,1.01,9.28,82.8,27.6,86.1,False,False,False,False,0
2026-08-08 06:30,43.59,3.62,8.494,82.5,27.0,86.0,False,False,False,False,0
2026-08-08 06:45,49.0,6.51,9.029,81.9,26.9,85.6,False,False,False,False,0
2026-08-08 07:00,55.03,6.81,10.247,81.4,26.5,85.1,False,False,False,False,0
2026-08-08 07:15,48.96,10.32,8.211,81.4,25.8,84.9,False,False,False,False,0
2026-08-08 07:30,43.32,11.8,6.698,81.2,25.0,84.4,False,False,False,False,0
2026-08-08 07:45,49.28,13.14,7.68,80.4,24.5,83.9,False,False,False,False,0
2026-08-08 08:00,86.36,15.19,15.124,79.3,23.1,82.8,False,False,False,False,16
2026-08-08 08:15,90.32,17.32,15.512,78.0,21.3,81.4,False,False,False,False,13
2026-08-08 08:30,69.19,18.25,10.825,76.6,19.5,79.9,False,True,False,True,5
2026-08-08 08:45,83.66,20.78,13.362,75.1,20.9,78.7,False,True,False,True,9
2026-08-08 09:00,73.52,21.94,10.961,73.3,22.9,77.6,False,True,False,True,14
2026-08-08 09:15,78.76,22.95,11.86,72.1,24.6,76.4,False,True,False,True,22
2026-08-08 09:30,79.6,26.9,11.199,70.6,26.4,75.2,False,True,False,True,10
2026-08-08 09:45,92.24,26.69,13.929,69.0,28.0,74.4,False,True,False,True,12
2026-08-08 10:00,88.47,26.82,13.101,67.6,29.2,73.2,False,True,False,True,7
2026-08-08 10:15,83.09,28.43,11.615,66.4,30.5,72.0,False,True,False,True,14
2026-08-08 10:30,76.52,27.87,10.338,65.0,31.9,71.1,False,True,False,True,12
2026-08-08 10:45,92.59,29.3,13.449,63.8,33.9,70.1,False,True,False,True,13
2026-08-08 11:00,70.75,30.04,8.651,62.4,35.5,69.3,False,True,False,True,10
2026-08-08 11:15,78.75,29.4,10.487,60.7,37.3,68.2,False,True,False,True,11
2026-08-08 11:30,66.17,31.7,7.325,59.4,39.0,67.2,False,True,False,True,7
2026-08-08 11:45,85.68,30.83,11.656,57.8,40.8,66.4,False,True,False,True,9
2026-08-08 12:00,86.39,31.07,11.756,56.8,42.9,65.1,False,True,False,True,8
2026-08-08 12:15,95.0,30.75,13.653,55.7,44.8,64.1,False,True,False,True,15
2026-08-08 12:30,61.15,34.78,5.604,54.0,46.5,63.3,False,True,False,True,8
2026-08-08 12:45,84.22,30.1,11.5,52.6,48.2,62.2,False,True,False,True,15
2026-08-08 13:00,76.8,27.94,10.383,51.1,50.3,61.5,False,True,False,True,15
2026-08-08 13:15,91.49,27.91,13.511,50.0,51.4,60.7,False,True,False,True,11
2026-08-08 13:30,69.6,30.01,8.413,48.7,53.4,59.6,False,True,False,True,9
2026-08-08 13:45,93.35,29.86,13.492,47.1,54.9,58.6,False,True,False,True,11
2026-08-08 14:00,80.94,26.46,11.577,45.6,56.7,57.4,False,True,False,True,12
2026-08-08 14:15,75.25,27.73,10.098,44.1,58.2,56.3,False,True,False,True,7
2026-08-08 14:30,86.31,25.88,12.841,42.6,59.9,55.3,False,True,False,True,11
2026-08-08 14:45,74.87,23.46,10.925,41.0,61.4,54.1,False,True,False,True,10
2026-08-08 15:00,78.14,21.96,11.938,39.6,62.0,53.1,False,True,False,True,18
2026-08-08 15:15,76.01,20.99,11.692,38.6,63.3,52.2,False,True,False,True,18
2026-08-08 15:30,68.14,20.23,10.181,37.4,64.6,51.1,False,True,False,True,8
2026-08-08 15:45,86.66,17.98,14.594,35.9,65.9,49.9,False,True,False,True,10
2026-08-08 16:00,91.45,14.94,16.258,34.4,66.9,48.6,False,True,False,True,5
2026-08-08 16:15,78.32,13.72,13.728,33.0,68.7,47.6,False,True,False,True,8
2026-08-08 16:30,75.96,14.43,13.075,31.3,70.0,46.7,False,True,False,True,14
2026-08-08 16:45,69.15,10.43,12.478,30.0,71.6,45.6,False,True,False,True,8
2026-08-08 17:00,86.3,9.2,16.384,28.8,73.6,44.2,False,True,False,True,10
2026-08-08 17:15,80.36,6.79,15.634,27.2,74.9,42.9,False,True,False,True,10
2026-08-08 17:30,69.73,4.44,13.874,25.9,76.5,41.5,False,True,False,True,14
2026-08-08 17:45,79.93,2.19,16.52,24.4,78.4,40.3,False,True,False,True,9
2026-08-08 18:00,48.72,1.08,10.124,24.3,79.9,39.8,False,True,False,True,0
2026-08-08 18:15,53.67,0.0,11.405,24.3,81.4,39.4,False,True,False,True,0
2026-08-08 18:30,54.07,0.0,11.49,24.1,82.4,38.9,False,True,False,True,0
2026-08-08 18:45,50.28,0.0,10.684,23.3,84.4,38.5,False,True,False,True,0
2026-08-08 19:00,45.22,0.0,9.609,22.8,86.0,38.3,False,True,False,True,0
2026-08-08 19:15,45.22,0.0,9.609,22.5,87.2,37.8,False,True,False,True,0
2026-08-08 19:30,46.74,0.0,9.932,22.2,89.0,37.8,False,True,False,True,0
2026-08-08 19:45,45.43,0.0,9.654,21.8,90.5,37.7,False,True,False,True,0
2026-08-08 20:00,44.77,0.0,9.514,21.4,92.1,37.6,False,True,False,True,0
2026-08-08 20:15,55.92,0.0,11.883,20.9,93.5,37.2,False,True,False,True,0
2026-08-08 20:30,51.29,0.0,10.899,20.2,95.3,36.9,False,False,False,False,0
2026-08-08 20:45,49.63,0.0,10.546,19.9,94.7,36.5,True,False,False,True,0
2026-08-08 21:00,42.02,0.0,8.929,22.5,94.4,36.4,True,False,False,True,0
2026-08-08 21:15,49.65,0.0,10.551,23.7,93.9,36.1,True,False,False,True,0
2026-08-08 21:30,51.39,0.0,10.92,25.6,93.2,35.8,True,False,False,True,0
2026-08-08 21:45,50.21,0.0,10.67,27.1,92.7,35.8,True,False,False,True,0
2026-08-08 22:00,55.13,0.0,11.715,29.1,92.4,35.1,True,False,False,True,0
2026-08-08 22:15,52.05,0.0,11.061,30.5,91.6,34.9,True,False,False,True,0
2026-08-08 22:30,53.1,0.0,11.284,32.0,91.3,34.6,True,False,False,True,0
2026-08-08 22:45,51.76,0.0,10.999,33.8,90.9,34.5,True,False,False,True,0
2026-08-08 23:00,49.78,0.0,10.578,35.2,90.7,34.2,True,False,False,True,0
2026-08-08 23:15,43.06,0.0,9.15,38.0,90.4,34.1,True,False,False,True,0
2026-08-08 23:30,50.17,0.0,10.661,40.1,90.1,33.6,True,False,False,True,0
2026-08-08 23:45,46.53,0.0,9.888,42.2,89.5,33.4,True,False,False,True,0
2026-08-09 00:00,45.42,0.0,9.652,44.1,88.9,33.6,True,False,False,True,0
2026-08-09 00:15,50.04,0.0,10.634,46.0,88.5,33.5,True,False,False,True,0
2026-08-09 00:30,54.34,0.0,11.547,47.8,87.9,33.2,True,False,False,True,0
2026-08-09 00:45,52.83,0.0,11.226,49.7,87.5,32.7,True,False,False,True,0
2026-08-09 01:00,51.33,0.0,10.908,51.4,86.9,32.5,True,False,False,True,0
2026-08-09 01:15,56.55,0.0,12.017,52.9,86.7,32.4,True,False,False,True,0
2026-08-09 01:30,45.15,0.0,9.594,54.6,86.2,32.0,True,False,False,True,0
2026-08-09 01:45,51.63,0.0,10.971,56.9,85.8,31.8,True,False,False,True,0
2026-08-09 02:00,41.28,0.0,8.772,58.8,85.3,31.8,True,False,False,True,0
2026-08-09 02:15,47.31,0.0,10.053,61.1,84.3,31.5,True,False,False,True,0
2026-08-09 02:30,47.77,0.0,10.151,63.2,83.8,31.7,True,False,False,True,0
2026-08-09 02:45,42.15,0.0,8.957,65.7,83.1,31.6,True,False,False,True,0
2026-08-09 03:00,44.68,0.0,9.494,67.5,82.5,31.7,True,False,False,True,0
2026-08-09 03:15,48.98,0.0,10.408,69.4,82.3,31.4,True,False,False,True,0
2026-08-09 03:30,56.55,0.0,12.017,71.1,81.8,31.4,True,False,False,True,0
2026-08-09 03:45,53.68,0.0,11.407,73.2,81.1,31.2,True,False,False,True,0
2026-08-09 04:00,47.18,0.0,10.026,74.9,81.0,30.8,True,False,False,True,0
2026-08-09 04:15,48.92,0.0,10.396,76.9,80.7,30.8,True,False,False,True,0
2026-08-09 04:30,48.12,0.0,10.225,78.2,79.6,30.6,True,False,False,True,0
2026-08-09 04:45,50.56,0.0,10.744,79.9,79.1,30.8,True,False,False,True,0
2026-08-09 05:00,38.0,0.0,8.075,82.1,78.8,30.4,True,False,False,True,0
2026-08-09 05:15,45.48,0.0,9.664,84.0,78.3,30.2,True,False,False,True,0
2026-08-09 05:30,45.03,0.0,9.569,86.3,78.0,30.2,True,False,False,True,0
2026-08-09 05:45,40.83,0.0,8.676,87.9,77.6,29.7,True,False,False,True,0
2026-08-09 06:00,49.53,0.0,10.525,89.6,77.1,29.4,True,False,False,True,0
2026-08-09 06:15,49.31,0.89,10.289,90.9,76.7,29.1,True,False,False,True,0
2026-08-09 06:30,39.54,4.95,7.35,92.7,76.0,28.8,True,False,False,True,0
2026-08-09 06:45,47.64,5.21,9.016,94.8,75.2,28.6,True,False,False,True,0
2026-08-09 07:00,53.24,7.08,9.809,96.5,74.5,28.1,False,False,False,False,0
2026-08-09 07:15,51.76,9.65,8.948,96.1,74.2,27.9,False,False,False,False,0
2026-08-09 07:30,51.2,13.25,8.064,96.0,73.9,27.7,False,False,False,False,0
2026-08-09 07:45,47.82,14.19,7.146,95.8,73.7,27.4,False,False,False,False,0
2026-08-09 08:00,72.19,15.63,12.019,94.3,71.8,26.2,False,False,False,False,13
2026-08-09 08:15,79.6,15.78,13.562,92.7,70.2,25.1,False,False,False,False,13
2026-08-09 08:30,82.34,17.8,13.715,91.4,68.5,23.9,False,False,False,False,9
2026-08-09 08:45,78.38,19.24,12.567,89.8,66.9,23.0,False,False,False,False,9
2026-08-09 09:00,77.8,23.84,11.466,88.1,65.1,21.7,False,False,False,False,12
2026-08-09 09:15,86.27,24.32,13.164,86.8,63.3,20.4,False,False,False,False,10
2026-08-09 09:30,70.98,23.96,9.992,85.6,61.7,19.2,False,False,True,True,10
2026-08-09 09:45,78.02,25.51,11.158,84.6,59.7,21.4,False,False,True,True,16
2026-08-09 10:00,95.0,26.29,14.601,83.1,57.9,24.2,False,False,True,True,16
2026-08-09 10:15,90.32,27.19,13.415,81.8,56.4,25.8,False,False,True,True,11
2026-08-09 10:30,84.22,29.65,11.596,80.3,54.4,27.7,False,False,True,True,7
2026-08-09 10:45,77.09,29.48,10.117,79.0,52.8,29.7,False,False,True,True,16
2026-08-09 11:00,67.44,32.92,7.335,77.6,50.7,31.6,False,False,True,True,18
2026-08-09 11:15,68.73,32.4,7.72,76.1,48.7,33.0,False,False,True,True,11
2026-08-09 11:30,86.47,32.8,11.405,74.7,46.8,35.2,False,False,True,True,17
2026-08-09 11:45,75.72,32.24,9.24,73.1,44.6,36.9,False,False,True,True,9
2026-08-09 12:00,73.5,30.99,9.033,71.8,43.0,38.6,False,False,True,True,9
2026-08-09 12:15,79.82,32.15,10.13,70.5,41.2,40.4,False,False,True,True,10
2026-08-09 12:30,73.66,30.81,9.106,69.2,39.4,42.8,False,False,True,True,8
2026-08-09 12:45,66.85,32.85,7.225,67.6,37.9,44.6,False,False,True,True,10
2026-08-09 13:00,77.72,30.91,9.947,66.4,36.3,46.7,False,False,True,True,17
2026-08-09 13:15,79.51,30.14,10.491,64.7,34.4,48.3,False,False,True,True,12
2026-08-09 13:30,70.16,29.25,8.693,63.7,32.6,50.3,False,False,True,True,15
2026-08-09 13:45,66.07,30.34,7.593,62.2,31.1,52.0,False,False,True,True,10
2026-08-09 14:00,76.21,25.56,10.763,60.7,29.4,53.5,False,False,True,True,13
2026-08-09 14:15,78.49,28.4,10.644,59.6,27.0,55.5,False,False,True,True,14
2026-08-09 14:30,78.87,24.77,11.496,58.1,25.2,57.6,False,False,True,True,12
2026-08-09 14:45,83.71,22.0,13.113,56.5,23.6,60.1,False,False,True,True,19
2026-08-09 15:00,83.86,21.37,13.279,55.0,21.9,62.1,False,False,True,True,11
2026-08-09 15:15,67.36,18.79,10.321,53.6,19.9,63.8,False,True,True,True,10
2026-08-09 15:30,84.88,19.96,13.795,52.1,21.5,65.5,False,True,True,True,13
2026-08-09 15:45,90.92,16.25,15.867,50.7,23.0,68.1,False,True,True,True,13
2026-08-09 16:00,74.46,15.95,12.433,49.1,24.6,69.8,False,True,True,True,12
2026-08-09 16:15,79.05,15.29,13.549,47.7,26.0,71.9,False,True,True,True,12
2026-08-09 16:30,71.52,11.25,12.807,46.4,27.6,74.1,False,True,True,True,10
2026-08-09 16:45,70.4,9.8,12.878,44.7,29.6,76.0,False,True,True,True,13
2026-08-09 17:00,84.08,6.59,16.467,43.2,31.1,77.8,False,True,True,True,12
2026-08-09 17:15,88.82,5.68,17.667,41.5,32.7,79.2,False,True,True,True,12
2026-08-09 17:30,90.54,7.2,17.71,40.3,33.5,81.2,False,True,True,True,11
2026-08-09 17:45,80.62,2.99,16.496,38.7,35.3,83.8,False,True,True,True,10
2026-08-09 18:00,57.39,0.0,12.195,38.3,37.2,85.7,False,True,True,True,0
2026-08-09 18:15,47.53,0.0,10.1,38.2,38.6,88.0,False,True,True,True,0
2026-08-09 18:30,56.3,0.0,11.964,37.6,40.4,89.7,False,True,True,True,0
2026-08-09 18:45,48.07,0.0,10.215,37.2,41.7,92.0,False,True,True,True,0
2026-08-09 19:00,49.96,0.0,10.616,37.1,43.4,93.9,False,True,True,True,0
2026-08-09 19:15,46.77,0.0,9.939,36.8,45.1,96.4,False,True,False,True,0
2026-08-09 19:30,60.42,0.0,12.839,36.3,46.0,95.9,False,True,False,True,0
2026-08-09 19:45,51.29,0.0,10.899,36.3,47.9,95.7,False,True,False,True,0
2026-08-09 20:00,46.42,0.0,9.864,35.8,49.9,94.9,False,True,False,True,0
2026-08-09 20:15,50.62,0.0,10.757,35.5,51.5,94.7,False,True,False,True,0
2026-08-09 20:30,41.55,0.0,8.829,35.0,52.8,94.9,False,True,False,True,0
2026-08-09 20:45,43.88,0.0,9.324,35.1,54.4,94.6,False,True,False,True,0
2026-08-09 21:00,51.51,0.0,10.946,34.4,55.9,94.5,False,True,False,True,0
2026-08-09 21:15,48.25,0.0,10.253,34.2,57.8,94.2,False,True,False,True,0
2026-08-09 21:30,52.48,0.0,11.152,33.9,59.4,94.0,False,True,False,True,0
2026-08-09 21:45,49.22,0.0,10.459,33.6,61.0,93.8,False,True,False,True,0
2026-08-09 22:00,49.51,0.0,10.521,33.2,62.9,93.5,False,True,False,True,0
2026-08-09 22:15,49.64,0.0,10.548,32.8,64.7,93.3,False,True,False,True,0
2026-08-09 22:30,42.46,0.0,9.023,32.2,66.3,93.2,False,True,False,True,0
2026-08-09 22:45,49.49,0.0,10.517,31.8,67.7,92.9,False,True,False,True,0
2026-08-09 23:00,43.79,0.0,9.305,31.2,69.1,92.5,False,True,False,True,0
2026-08-09 23:15,40.05,0.0,8.511,30.8,70.5,92.3,False,True,False,True,0
2026-08-09 23:30,50.6,0.0,10.752,30.5,71.9,92.2,False,True,False,True,0
2026-08-09 23:45,49.12,0.0,10.438,30.4,73.4,91.8,False,True,False,True,0
2026-08-10 00:00,43.81,0.0,9.31,30.2,75.3,91.8,False,True,False,True,0
2026-08-10 00:15,51.1,0.0,10.859,29.8,76.8,91.7,False,True,False,True,0
2026-08-10 00:30,43.65,0.0,9.276,29.7,78.4,91.3,False,True,False,True,0
2026-08-10 00:45,45.87,0.0,9.747,29.0,79.4,91.0,False,True,False,True,0
2026-08-10 01:00,44.59,0.0,9.475,28.6,81.3,90.8,False,True,False,True,0
2026-08-10 01:15,46.51,0.0,9.883,28.4,82.8,90.0,False,True,False,True,0
2026-08-10 01:30,49.79,0.0,10.58,28.0,84.6,89.7,False,True,False,True,0
2026-08-10 01:45,43.25,0.0,9.191,27.3,86.4,89.4,False,True,False,True,0
2026-08-10 02:00,49.99,0.0,10.623,26.8,87.8,89.3,False,True,False,True,0
2026-08-10 02:15,45.58,0.0,9.686,26.8,89.5,89.0,False,True,False,True,0
2026-08-10 02:30,40.59,0.0,8.625,26.5,90.7,89.4,False,True,False,True,0
2026-08-10 02:45,39.8,0.0,8.458,26.0,92.1,89.5,False,True,False,True,0
2026-08-10 03:00,47.31,0.0,10.053,25.8,94.2,89.0,False,True,False,True,0
2026-08-10 03:15,47.51,0.0,10.096,25.4,95.5,88.8,False,False,False,False,0
2026-08-10 03:30,49.08,0.0,10.43,25.5,95.0,88.2,False,False,False,False,0
2026-08-10 03:45,49.29,0.0,10.474,25.2,94.5,88.1,False,False,False,False,0
2026-08-10 04:00,50.01,0.0,10.627,24.8,94.2,87.6,False,False,False,False,0
2026-08-10 04:15,51.31,0.0,10.903,24.3,93.5,87.3,False,False,False,False,0
2026-08-10 04:30,42.42,0.0,9.014,24.1,93.0,86.5,False,False,False,False,0
2026-08-10 04:45,41.22,0.0,8.759,23.5,92.4,86.6,False,False,False,False,0
2026-08-10 05:00,42.44,0.0,9.018,23.5,91.6,86.2,False,False,False,False,0
2026-08-10 05:15,49.19,0.0,10.453,23.1,91.4,85.8,False,False,False,False,0
2026-08-10 05:30,51.41,0.0,10.925,22.8,91.0,85.8,False,False,False,False,0
2026-08-10 05:45,46.47,0.0,9.875,22.7,90.4,85.3,False,False,False,False,0
2026-08-10 06:00,36.06,0.24,7.612,22.1,89.9,84.8,False,False,False,False,0
2026-08-10 06:15,37.86,0.43,7.954,21.7,89.3,84.4,False,False,False,False,0
2026-08-10 06:30,46.31,4.39,8.908,21.5,88.7,83.9,False,False,False,False,0
2026-08-10 06:45,44.82,4.29,8.613,21.1,88.2,83.7,False,False,False,False,0
2026-08-10 07:00,44.69,6.92,8.026,20.9,87.7,83.1,False,False,False,False,0
2026-08-10 07:15,45.97,7.7,8.132,20.6,87.4,82.9,False,False,False,False,0
2026-08-10 07:30,47.6,11.84,7.599,20.6,87.2,82.6,False,False,False,False,0
2026-08-10 07:45,54.95,15.86,8.307,20.3,87.2,82.5,False,False,False,False,0
2026-08-10 08:00,70.95,15.61,11.76,19.3,85.3,81.5,True,False,False,True,12
2026-08-10 08:15,79.77,18.27,13.069,21.1,83.8,80.4,True,False,False,True,10
2026-08-10 08:30,81.42,22.0,12.627,23.5,81.7,79.5,True,False,False,True,9
2026-08-10 08:45,60.66,21.25,8.375,25.2,80.2,78.4,True,False,False,True,11
2026-08-10 09:00,84.18,21.36,13.349,26.3,78.8,77.3,True,False,False,True,9
2026-08-10 09:15,67.44,22.93,9.458,27.9,77.5,76.3,True,False,False,True,9
2026-08-10 09:30,72.79,24.99,10.158,29.7,75.4,75.0,True,False,False,True,10
2026-08-10 09:45,95.0,25.43,14.784,31.5,73.6,74.0,True,False,False,True,12
2026-08-10 10:00,90.29,26.61,13.532,33.3,71.8,73.1,True,False,False,True,19
2026-08-10 10:15,79.73,29.43,10.689,35.6,70.3,71.9,True,False,False,True,10
2026-08-10 10:30,76.79,30.33,9.873,37.3,68.2,70.7,True,False,False,True,13
2026-08-10 10:45,75.19,27.85,10.06,39.0,66.7,69.9,True,False,False,True,12
2026-08-10 11:00,92.75,29.44,13.453,40.9,65.0,69.0,True,False,False,True,23
2026-08-10 11:15,72.24,30.34,8.904,42.8,63.3,67.8,True,False,False,True,15
2026-08-10 11:30,73.65,31.95,8.861,44.6,61.3,66.9,True,False,False,True,8
2026-08-10 11:45,92.43,32.8,12.671,46.3,59.8,65.9,True,False,False,True,15
2026-08-10 12:00,79.6,34.74,9.533,47.9,58.1,65.2,True,False,False,True,16
2026-08-10 12:15,82.57,30.87,10.986,49.9,56.4,63.9,True,False,False,True,18
2026-08-10 12:30,73.61,30.73,9.112,51.3,54.7,63.1,True,False,False,True,15
2026-08-10 12:45,83.43,31.6,11.014,53.1,52.9,61.9,True,False,False,True,11
2026-08-10 13:00,74.13,29.61,9.46,55.2,51.0,60.5,True,False,False,True,15
2026-08-10 13:15,74.73,29.66,9.577,56.9,49.1,59.4,True,False,False,True,16
2026-08-10 13:30,91.33,28.6,13.33,58.2,47.4,58.0,True,False,False,True,19
2026-08-10 13:45,72.13,25.11,9.992,60.0,45.7,56.9,True,False,False,True,13
2026-08-10 14:00,76.49,27.43,10.425,62.0,43.9,56.0,True,False,False,True,14
2026-08-10 14:15,71.29,25.97,9.631,63.9,42.0,55.1,True,False,False,True,11
2026-08-10 14:30,78.93,26.52,11.137,65.3,40.3,54.0,True,False,False,True,15
2026-08-10 14:45,79.82,23.69,11.928,67.8,38.4,52.6,True,False,False,True,9
2026-08-10 15:00,86.22,20.77,13.908,69.9,36.6,51.1,True,False,False,True,13
2026-08-10 15:15,69.15,20.46,10.347,71.7,34.7,49.9,True,False,False,True,12
2026-08-10 15:30,73.5,16.67,12.076,74.4,33.0,48.6,True,False,False,True,16
2026-08-10 15:45,82.77,16.05,14.178,76.1,31.2,47.3,True,False,False,True,6
2026-08-10 16:00,78.38,16.51,13.147,77.4,29.6,46.6,True,False,False,True,16
2026-08-10 16:15,83.13,13.64,14.767,79.2,28.2,45.3,True,False,False,True,10
2026-08-10 16:30,81.9,13.16,14.607,81.0,26.5,44.3,True,False,False,True,8
2026-08-10 16:45,79.66,7.77,15.277,82.3,24.7,43.4,True,False,False,True,11
2026-08-10 17:00,80.97,7.86,15.536,84.3,23.1,42.2,True,False,False,True,16
2026-08-10 17:15,84.87,5.57,16.851,86.4,21.5,40.4,True,False,False,True,15
2026-08-10 17:30,89.28,5.26,17.854,87.8,19.6,39.3,True,True,False,True,15
2026-08-10 17:45,77.23,2.87,15.801,89.4,21.6,38.0,True,True,False,True,13
2026-08-10 18:00,42.82,0.77,8.936,90.8,23.4,38.0,True,True,False,True,0
2026-08-10 18:15,46.72,0.0,9.928,92.3,25.2,37.6,True,True,False,True,0
2026-08-10 18:30,51.11,0.0,10.861,94.2,26.4,37.3,True,True,False,True,0
2026-08-10 18:45,53.36,0.0,11.339,96.0,28.2,37.0,False,True,False,True,0
2026-08-10 19:00,47.28,0.0,10.047,95.7,30.3,36.9,False,True,False,True,0
2026-08-10 19:15,55.02,0.0,11.692,95.3,32.3,36.7,False,True,False,True,0
2026-08-10 19:30,47.31,0.0,10.053,95.0,33.9,36.7,False,True,False,True,0
2026-08-10 19:45,56.03,0.0,11.906,94.8,35.9,36.6,False,True,False,True,0
2026-08-10 20:00,47.12,0.0,10.013,94.5,37.4,36.4,False,True,False,True,0
2026-08-10 20:15,46.58,0.0,9.898,94.2,38.9,36.4,False,True,False,True,0
2026-08-10 20:30,48.36,0.0,10.276,93.8,40.7,36.1,False,True,False,True,0
2026-08-10 20:45,35.59,0.0,7.563,93.3,42.4,35.6,False,True,False,True,0
2026-08-10 21:00,51.13,0.0,10.865,93.1,43.8,35.0,False,True,False,True,0
2026-08-10 21:15,36.41,0.0,7.737,92.8,45.4,34.2,False,True,False,True,0
2026-08-10 21:30,43.49,0.0,9.242,92.6,47.3,33.9,False,True,False,True,0
2026-08-10 21:45,49.0,0.0,10.412,92.4,48.8,33.8,False,True,False,True,0
2026-08-10 22:00,50.28,0.0,10.684,91.8,50.5,33.5,False,True,False,True,0
2026-08-10 22:15,41.79,0.0,8.88,91.6,52.2,33.3,False,True,False,True,0
2026-08-10 22:30,43.17,0.0,9.174,91.3,54.1,32.9,False,True,False,True,0
2026-08-10 22:45,51.19,0.0,10.878,91.1,55.7,32.5,False,True,False,True,0
2026-08-10 23:00,45.19,0.0,9.603,90.6,57.4,32.3,False,True,False,True,0
2026-08-10 23:15,57.47,0.0,12.212,90.1,59.3,32.0,False,True,False,True,0
2026-08-10 23:30,44.17,0.0,9.386,89.7,60.8,31.8,False,True,False,True,0
2026-08-10 23:45,49.54,0.0,10.527,88.9,62.2,32.0,False,True,False,True,0
2026-08-11 00:00,57.5,0.0,12.219,89.0,63.4,31.8,False,True,False,True,0
2026-08-11 00:15,50.77,0.0,10.789,88.7,65.2,31.5,False,True,False,True,0
2026-08-11 00:30,42.82,0.0,9.099,88.3,66.7,31.1,False,True,False,True,0
2026-08-11 00:45,44.77,0.0,9.514,88.2,68.2,30.8,False,True,False,True,0
2026-08-11 01:00,48.78,0.0,10.366,87.9,69.2,30.7,False,True,False,True,0
2026-08-11 01:15,37.91,0.0,8.056,87.5,70.7,30.2,False,True,False,True,0
2026-08-11 01:30,49.2,0.0,10.455,87.2,72.0,29.6,False,True,False,True,0
2026-08-11 01:45,44.6,0.0,9.478,86.8,73.5,29.7,False,True,False,True,0
2026-08-11 02:00,55.36,0.0,11.764,86.3,75.0,29.3,False,True,False,True,0
2026-08-11 02:15,44.68,0.0,9.494,85.7,76.7,28.9,False,True,False,True,0
2026-08-11 02:30,48.71,0.0,10.351,85.7,78.8,28.7,False,True,False,True,0
2026-08-11 02:45,47.37,0.0,10.066,85.6,80.0,28.7,False,True,False,True,0
2026-08-11 03:00,48.23,0.0,10.249,85.1,81.6,28.6,False,True,False,True,0
2026-08-11 03:15,47.73,0.0,10.143,85.0,83.1,28.6,False,True,False,True,0
2026-08-11 03:30,45.19,0.0,9.603,84.3,84.6,28.1,False,True,False,True,0
2026-08-11 03:45,45.19,0.0,9.603,83.9,86.2,27.8,False,True,False,True,0
2026-08-11 04:00,55.99,0.0,11.898,83.5,88.1,27.7,False,True,False,True,0
2026-08-11 04:15,48.37,0.0,10.279,83.2,89.8,27.6,False,True,False,True,0
2026-08-11 04:30,41.14,0.0,8.742,82.9,91.4,27.6,False,True,False,True,0
2026-08-11 04:45,47.77,0.0,10.151,82.7,93.2,27.4,False,True,False,True,0
2026-08-11 05:00,47.12,0.0,10.013,82.0,94.9,27.1,False,True,False,True,0
2026-08-11 05:15,44.82,0.0,9.524,81.6,96.4,26.9,False,False,False,False,0
2026-08-11 05:30,47.36,0.0,10.064,81.6,96.0,26.7,False,False,False,False,0
2026-08-11 05:45,53.9,0.0,11.454,81.4,95.5,26.5,False,False,False,False,0
2026-08-11 06:00,50.55,0.0,10.742,80.9,95.3,26.2,False,False,False,False,0
2026-08-11 06:15,51.19,3.18,10.202,80.5,94.7,25.9,False,False,False,False,0
2026-08-11 06:30,41.77,0.84,8.698,79.8,94.2,25.5,False,False,False,False,0
2026-08-11 06:45,50.65,6.37,9.41,79.4,93.6,25.0,False,False,False,False,0
2026-08-11 07:00,46.76,9.6,7.896,79.1,93.1,24.9,False,False,False,False,0
2026-08-11 07:15,45.33,12.37,7.004,78.8,92.9,24.6,False,False,False,False,0
2026-08-11 07:30,52.87,12.93,8.487,78.4,92.6,24.3,False,False,False,False,0
2026-08-11 07:45,53.63,15.95,8.007,77.9,92.1,24.3,False,False,False,False,0
2026-08-11 08:00,83.75,15.95,14.407,76.6,90.6,23.0,False,False,False,False,15
2026-08-11 08:15,76.78,17.5,12.597,75.2,88.6,21.8,False,False,False,False,15
2026-08-11 08:30,70.61,19.81,10.795,73.7,87.0,20.5,False,False,False,False,21
2026-08-11 08:45,84.22,20.77,13.483,72.2,84.9,19.7,False,False,True,True,11
2026-08-11 09:00,75.21,21.34,11.447,70.8,83.1,21.7,False,False,True,True,13
2026-08-11 09:15,82.72,23.06,12.678,69.2,81.2,24.2,False,False,True,True,17
2026-08-11 09:30,71.41,23.66,10.147,67.9,79.6,26.2,False,False,True,True,7
2026-08-11 09:45,85.37,26.83,12.44,66.3,77.9,27.9,False,False,True,True,11
2026-08-11 10:00,76.34,27.29,10.423,64.6,76.2,30.2,False,False,True,True,12
2026-08-11 10:15,86.93,27.82,12.561,63.2,74.1,32.3,False,False,True,True,11
2026-08-11 10:30,80.61,28.42,11.09,61.8,72.0,34.7,False,False,True,True,7
2026-08-11 10:45,91.19,30.43,12.911,60.6,69.8,36.8,False,False,True,True,13
2026-08-11 11:00,74.72,31.36,9.214,59.2,68.5,39.0,False,False,True,True,11
2026-08-11 11:15,81.75,29.54,11.095,57.9,66.7,41.2,False,False,True,True,11
2026-08-11 11:30,75.81,29.69,9.801,56.2,65.2,42.8,False,False,True,True,17
2026-08-11 11:45,75.61,32.58,9.144,54.8,63.4,45.1,False,False,True,True,9
2026-08-11 12:00,81.19,29.85,10.91,53.5,61.7,46.9,False,False,True,True,7
2026-08-11 12:15,76.43,32.09,9.422,51.8,60.2,48.8,False,False,True,True,14
2026-08-11 12:30,66.55,33.17,7.093,50.4,58.7,50.7,False,False,True,True,10
2026-08-11 12:45,75.87,32.84,9.144,48.8,56.7,52.9,False,False,True,True,17
2026-08-11 13:00,61.62,31.31,6.441,47.5,55.0,55.1,False,False,True,True,13
2026-08-11 13:15,65.99,30.68,7.503,45.9,53.3,56.7,False,False,True,True,14
2026-08-11 13:30,80.21,31.8,10.287,44.5,51.5,58.6,False,False,True,True,15
2026-08-11 13:45,64.73,25.45,8.347,42.8,49.9,60.5,False,False,True,True,13
2026-08-11 14:00,70.63,26.72,9.331,41.4,48.0,62.2,False,False,True,True,15
2026-08-11 14:15,91.44,27.21,13.649,40.2,46.3,63.9,False,False,True,True,9
2026-08-11 14:30,74.2,24.59,10.542,38.9,44.3,65.7,False,False,True,True,13
2026-08-11 14:45,84.73,25.17,12.656,37.7,42.9,67.7,False,False,True,True,19
2026-08-11 15:00,85.86,22.23,13.521,36.1,41.0,70.0,False,False,True,True,11
2026-08-11 15:15,85.9,20.93,13.806,34.5,39.3,71.9,False,False,True,True,7
2026-08-11 15:30,70.98,18.85,11.078,33.0,37.8,73.7,False,False,True,True,14
2026-08-11 15:45,80.85,16.87,13.596,31.7,36.2,75.3,False,False,True,True,17
2026-08-11 16:00,60.24,15.09,9.594,30.5,34.4,77.3,False,False,True,True,15
2026-08-11 16:15,95.0,14.26,17.157,29.1,32.5,79.8,False,False,True,True,14
2026-08-11 16:30,60.12,11.13,10.41,27.7,30.8,81.5,False,False,True,True,14
2026-08-11 16:45,72.81,11.27,13.077,26.1,29.0,83.4,False,False,True,True,13
2026-08-11 17:00,72.7,8.94,13.549,24.8,27.3,84.8,False,False,True,True,8
2026-08-11 17:15,73.71,7.46,14.078,23.2,25.6,86.5,False,False,True,True,10
2026-08-11 17:30,94.22,2.76,19.435,21.9,23.5,88.2,False,False,True,True,14
2026-08-11 17:45,95.0,0.02,20.183,20.2,21.5,90.3,False,False,True,True,14
2026-08-11 18:00,46.71,0.0,9.926,20.1,20.8,92.4,False,False,True,True,0
2026-08-11 18:15,48.49,0.0,10.304,19.8,20.4,94.3,True,False,True,True,0
2026-08-11 18:30,46.02,0.0,9.779,21.8,19.8,96.0,True,True,False,True,0
2026-08-11 18:45,51.84,0.0,11.016,24.1,21.4,95.8,True,True,False,True,0
2026-08-11 19:00,51.25,0.0,10.891,25.4,23.4,95.5,True,True,False,True,0
2026-08-11 19:15,46.54,0.0,9.89,26.8,25.1,95.2,True,True,False,True,0
2026-08-11 19:30,48.09,0.0,10.219,28.8,27.2,95.2,True,True,False,True,0
2026-08-11 19:45,53.75,0.0,11.422,31.1,28.9,94.9,True,True,False,True,0
2026-08-11 20:00,43.23,0.0,9.186,33.1,30.5,94.8,True,True,False,True,0
2026-08-11 20:15,54.0,0.0,11.475,35.1,31.8,94.3,True,True,False,True,0
2026-08-11 20:30,50.55,0.0,10.742,36.6,33.3,94.1,True,True,False,True,0
2026-08-11 20:45,49.63,0.0,10.546,38.5,35.1,93.7,True,True,False,True,0
2026-08-11 21:00,46.29,0.0,9.837,40.4,36.6,93.3,True,True,False,True,0
2026-08-11 21:15,43.66,0.0,9.278,42.3,38.3,93.5,True,True,False,True,0
2026-08-11 21:30,48.03,0.0,10.206,44.2,40.2,92.7,True,True,False,True,0
2026-08-11 21:45,48.65,0.0,10.338,46.2,42.2,92.4,True,True,False,True,0
2026-08-11 22:00,45.73,0.0,9.718,47.3,43.5,92.3,True,True,False,True,0
2026-08-11 22:15,48.97,0.0,10.406,48.5,45.1,92.2,True,True,False,True,0
2026-08-11 22:30,43.73,0.0,9.293,49.9,46.3,91.7,True,True,False,True,0
2026-08-11 22:45,46.26,0.0,9.83,51.7,48.0,91.1,True,True,False,True,0
2026-08-11 23:00,48.54,0.0,10.315,53.4,49.6,90.5,True,True,False,True,0
2026-08-11 23:15,55.63,0.0,11.821,54.8,51.3,90.2,True,True,False,True,0
2026-08-11 23:30,42.99,0.0,9.135,57.1,52.6,90.0,True,True,False,True,0
2026-08-11 23:45,53.98,0.0,11.471,58.9,54.1,89.4,True,True,False,True,0
2026-08-12 00:00,47.52,0.0,10.098,60.7,55.2,89.1,True,True,False,True,0
2026-08-12 00:15,49.53,0.0,10.525,62.8,57.0,88.9,True,True,False,True,0
2026-08-12 00:30,48.74,0.0,10.357,65.2,58.5,88.8,True,True,False,True,0
2026-08-12 00:45,48.55,0.0,10.317,67.0,59.9,88.4,True,True,False,True,0
2026-08-12 01:00,47.13,0.0,10.015,68.9,61.6,87.9,True,True,False,True,0
2026-08-12 01:15,51.81,0.0,11.01,70.3,63.4,88.0,True,True,False,True,0
2026-08-12 01:30,50.87,0.0,10.81,72.1,64.9,87.7,True,True,False,True,0
2026-08-12 01:45,54.65,0.0,11.613,73.5,66.5,87.2,True,True,False,True,0
2026-08-12 02:00,45.97,0.0,9.769,75.2,68.2,87.2,True,True,False,True,0
2026-08-12 02:15,50.1,0.0,10.646,77.2,69.7,86.8,True,True,False,True,0
2026-08-12 02:30,39.75,0.0,8.447,79.1,71.0,86.4,True,True,False,True,0
2026-08-12 02:45,44.7,0.0,9.499,81.2,72.4,86.3,True,True,False,True,0
2026-08-12 03:00,52.98,0.0,11.258,83.1,74.3,85.8,True,True,False,True,0
2026-08-12 03:15,44.93,0.0,9.548,85.2,75.9,85.4,True,True,False,True,0
2026-08-12 03:30,46.74,0.0,9.932,86.7,77.2,85.5,True,True,False,True,0
2026-08-12 03:45,43.95,0.0,9.339,88.9,78.7,85.2,True,True,False,True,0
2026-08-12 04:00,48.92,0.0,10.396,90.5,80.5,84.8,True,True,False,True,0
2026-08-12 04:15,39.35,0.0,8.362,92.2,82.1,84.6,True,True,False,True,0
2026-08-12 04:30,45.15,0.0,9.594,93.9,83.4,84.2,True,True,False,True,0
2026-08-12 04:45,48.94,0.0,10.4,96.3,84.7,83.9,False,True,False,True,0
2026-08-12 05:00,53.97,0.0,11.469,96.0,86.3,83.7,False,True,False,True,0
2026-08-12 05:15,58.2,0.0,12.368,95.6,88.4,83.3,False,True,False,True,0
2026-08-12 05:30,48.42,0.0,10.289,95.1,90.0,83.0,False,True,False,True,0
2026-08-12 05:45,53.53,0.0,11.375,94.8,91.3,83.2,False,True,False,True,0
2026-08-12 06:00,52.52,1.61,10.818,94.6,92.6,83.1,False,True,False,True,0
2026-08-12 06:15,45.81,1.07,9.507,94.4,94.5,83.0,False,True,False,True,0
2026-08-12 06:30,51.22,1.65,10.534,94.3,95.5,82.3,False,False,False,False,0
2026-08-12 06:45,48.13,7.12,8.715,93.7,95.2,82.2,False,False,False,False,0
2026-08-12 07:00,47.79,7.51,8.56,93.5,94.8,81.7,False,False,False,False,0
2026-08-12 07:15,47.63,8.02,8.417,93.4,94.5,81.1,False,False,False,False,0
2026-08-12 07:30,41.81,11.86,6.364,92.9,93.7,80.9,False,False,False,False,0
2026-08-12 07:45,36.5,15.41,4.482,92.4,93.2,80.6,False,False,False,False,0
2026-08-12 08:00,78.29,14.23,13.613,90.9,91.4,79.7,False,False,False,False,12
2026-08-12 08:15,71.65,20.3,10.912,89.6,89.5,78.6,False,False,False,False,24
2026-08-12 08:30,66.67,18.17,10.306,88.7,87.7,77.5,False,False,False,False,10
2026-08-12 08:45,81.57,20.87,12.899,87.4,86.3,76.6,False,False,False,False,10
2026-08-12 09:00,84.82,20.81,13.602,86.0,84.5,75.3,False,False,False,False,4
2026-08-12 09:15,92.63,23.73,14.641,84.8,82.8,74.2,False,False,False,False,14
2026-08-12 09:30,72.7,24.83,10.172,83.6,81.2,72.9,False,False,False,False,8
2026-08-12 09:45,86.98,24.4,13.298,81.7,79.2,71.9,False,False,False,False,12
2026-08-12 10:00,88.51,30.67,12.291,80.6,77.6,70.8,False,False,False,False,12
2026-08-12 10:15,80.2,27.66,11.165,79.1,75.9,69.8,False,False,False,False,16
2026-08-12 10:30,89.1,28.51,12.875,77.9,74.1,68.7,False,False,False,False,13
2026-08-12 10:45,90.39,30.99,12.622,76.4,72.3,67.7,False,False,False,False,13
2026-08-12 11:00,86.81,32.6,11.52,75.2,70.2,66.6,False,False,False,False,17
2026-08-12 11:15,80.67,32.25,10.289,73.5,68.6,65.1,False,False,False,False,14
2026-08-12 11:30,79.89,29.79,10.646,72.2,66.9,64.2,False,False,False,False,14
2026-08-12 11:45,72.5,31.69,8.672,70.4,64.9,62.7,False,False,False,False,18
2026-08-12 12:00,69.97,29.24,8.655,68.7,63.1,61.4,False,False,False,False,14
2026-08-12 12:15,78.45,32.51,9.762,67.4,61.5,60.5,False,False,False,False,7
2026-08-12 12:30,66.71,29.27,7.956,66.2,59.9,59.4,False,False,False,False,13
2026-08-12 12:45,79.9,29.93,10.619,65.0,57.9,58.0,False,False,False,False,10
2026-08-12 13:00,93.59,30.42,13.424,63.8,56.4,56.9,False,False,False,False,9
2026-08-12 13:15,77.0,30.36,9.911,62.1,54.3,55.7,False,False,False,False,12
2026-08-12 13:30,87.93,28.79,12.567,60.3,52.2,54.5,False,False,False,False,12
2026-08-12 13:45,71.67,30.07,8.84,59.0,50.4,53.5,False,False,False,False,12
2026-08-12 14:00,73.26,28.15,9.586,57.4,48.6,52.3,False,False,False,False,16
2026-08-12 14:15,74.21,26.96,10.041,55.9,46.7,51.2,False,False,False,False,9
2026-08-12 14:30,84.62,23.52,12.984,54.5,45.0,50.2,False,False,False,False,8
2026-08-12 14:45,75.56,25.72,10.591,53.1,43.2,49.1,False,False,False,False,6
2026-08-12 15:00,91.62,21.31,14.941,51.5,41.9,47.9,False,False,False,False,14
2026-08-12 15:15,76.83,22.85,11.471,50.5,40.4,46.7,False,False,False,False,13
2026-08-12 15:30,76.86,21.6,11.743,49.2,38.8,45.7,False,False,False,False,14
2026-08-12 15:45,67.27,18.12,10.444,47.8,37.2,44.6,False,False,False,False,18
2026-08-12 16:00,83.57,16.99,14.148,46.2,35.4,43.9,False,False,False,False,13
2026-08-12 16:15,86.28,10.23,16.161,44.7,33.6,42.6,False,False,False,False,9
2026-08-12 16:30,78.91,11.82,14.257,43.0,31.7,41.7,False,False,False,False,14
2026-08-12 16:45,94.73,11.45,17.697,41.4,29.9,40.7,False,False,False,False,16
2026-08-12 17:00,89.27,9.26,17.002,39.9,28.2,39.5,False,False,False,False,14
2026-08-12 17:15,76.77,4.68,15.319,38.7,26.3,38.3,False,False,False,False,10
2026-08-12 17:30,84.86,3.76,17.234,37.2,24.7,37.0,False,False,False,False,14
2026-08-12 17:45,82.89,0.0,17.614,35.8,23.1,35.8,False,False,False,False,8
2026-08-12 18:00,46.95,0.5,9.871,35.5,22.8,35.3,False,False,False,False,0
2026-08-12 18:15,41.6,0.0,8.84,35.6,22.7,34.9,False,False,False,False,0
2026-08-12 18:30,42.32,0.0,8.993,35.1,22.3,34.7,False,False,False,False,0
2026-08-12 18:45,46.2,0.0,9.818,34.9,21.9,34.5,False,False,False,False,0
2026-08-12 19:00,42.49,0.0,9.029,34.5,21.7,34.5,False,False,False,False,0
2026-08-12 19:15,55.41,0.0,11.775,33.8,21.4,34.0,False,False,False,False,0
2026-08-12 19:30,47.16,0.0,10.022,33.3,21.1,33.8,False,False,False,False,0
2026-08-12 19:45,51.45,0.0,10.933,33.0,20.5,33.8,False,False,False,False,0
2026-08-12 20:00,48.43,0.0,10.291,32.1,19.8,33.5,False,True,False,True,0
2026-08-12 20:15,45.74,0.0,9.72,31.6,21.2,33.2,False,True,False,True,0
2026-08-12 20:30,45.58,0.0,9.686,31.4,23.1,33.2,False,True,False,True,0
2026-08-12 20:45,45.09,0.0,9.582,31.1,24.6,33.0,False,True,False,True,0
2026-08-12 21:00,52.74,0.0,11.207,30.5,25.9,32.9,False,True,False,True,0
2026-08-12 21:15,41.44,0.0,8.806,30.0,27.4,32.4,False,True,False,True,0
2026-08-12 21:30,38.53,0.0,8.188,29.6,28.8,32.3,False,True,False,True,0
2026-08-12 21:45,46.76,0.0,9.936,29.4,30.2,32.0,False,True,False,True,0
2026-08-12 22:00,46.39,0.0,9.858,29.1,31.3,31.9,False,True,False,True,0
2026-08-12 22:15,52.28,0.0,11.11,28.6,33.0,31.5,False,True,False,True,0
2026-08-12 22:30,47.84,0.0,10.166,27.8,34.1,31.0,False,True,False,True,0
2026-08-12 22:45,46.54,0.0,9.89,27.4,35.5,30.4,False,True,False,True,0
2026-08-12 23:00,52.18,0.0,11.088,27.1,37.2,30.4,False,True,False,True,0
2026-08-12 23:15,56.78,0.0,12.066,26.8,39.3,29.8,False,True,False,True,0
2026-08-12 23:30,50.0,0.0,10.625,26.3,40.8,29.6,False,True,False,True,0
2026-08-12 23:45,50.66,0.0,10.765,26.3,42.4,29.1,False,True,False,True,0
2026-08-13 00:00,50.46,0.0,10.723,26.0,44.2,29.0,False,True,False,True,0
2026-08-13 00:15,50.03,0.0,10.631,25.7,45.7,28.7,False,True,False,True,0
2026-08-13 00:30,47.53,0.0,10.1,25.3,47.6,28.5,False,True,False,True,0
2026-08-13 00:45,46.76,0.0,9.936,24.9,48.5,28.2,False,True,False,True,0
2026-08-13 01:00,47.53,0.0,10.1,24.6,50.2,28.1,False,True,False,True,0
2026-08-13 01:15,53.06,0.0,11.275,24.4,51.5,28.0,False,True,False,True,0
2026-08-13 01:30,37.53,0.0,7.975,24.0,53.1,27.7,False,True,False,True,0
2026-08-13 01:45,39.72,0.0,8.44,23.5,55.0,27.6,False,True,False,True,0
2026-08-13 02:00,46.06,0.0,9.788,23.1,56.6,27.5,False,True,False,True,0
2026-08-13 02:15,43.7,0.0,9.286,22.5,58.0,27.3,False,True,False,True,0
2026-08-13 02:30,46.58,0.0,9.898,22.2,59.6,26.9,False,True,False,True,0
2026-08-13 02:45,44.06,0.0,9.363,21.8,61.0,26.5,False,True,False,True,0
2026-08-13 03:00,44.0,0.0,9.35,21.7,62.6,26.0,False,True,False,True,0
2026-08-13 03:15,42.6,0.0,9.052,21.4,64.0,25.6,False,True,False,True,0
2026-08-13 03:30,55.13,0.0,11.715,20.8,65.4,25.2,False,True,False,True,0
2026-08-13 03:45,54.75,0.0,11.634,20.6,66.5,24.9,False,True,False,True,0
2026-08-13 04:00,44.84,0.0,9.529,20.1,68.2,24.7,False,True,False,True,0
2026-08-13 04:15,46.96,0.0,9.979,19.8,69.7,24.2,True,True,False,True,0
2026-08-13 04:30,40.6,0.0,8.628,21.7,70.8,24.1,True,True,False,True,0
2026-08-13 04:45,41.99,0.0,8.923,23.0,72.0,23.2,True,True,False,True,0
2026-08-13 05:00,47.76,0.0,10.149,25.3,73.6,22.5,True,True,False,True,0
2026-08-13 05:15,44.39,0.0,9.433,27.6,74.9,22.1,True,True,False,True,0
2026-08-13 05:30,50.54,0.0,10.74,29.2,76.5,21.7,True,True,False,True,0
2026-08-13 05:45,40.72,0.0,8.653,30.7,78.3,21.5,True,True,False,True,0
2026-08-13 06:00,43.5,0.72,9.091,32.0,80.7,21.6,True,True,False,True,0
2026-08-13 06:15,47.5,2.05,9.658,33.9,82.4,21.2,True,True,False,True,0
2026-08-13 06:30,49.08,3.78,9.626,35.8,84.4,21.1,True,True,False,True,0
2026-08-13 06:45,49.49,4.86,9.484,37.7,85.5,20.8,True,True,False,True,0
2026-08-13 07:00,41.06,7.62,7.106,39.7,86.8,20.6,True,True,False,True,0
2026-08-13 07:15,47.37,8.54,8.251,41.2,88.4,20.4,True,True,False,True,0
2026-08-13 07:30,43.68,11.04,6.936,43.3,90.1,19.9,True,True,True,True,0
2026-08-13 07:45,51.25,14.04,7.907,45.6,91.2,22.0,True,True,True,True,0
2026-08-13 08:00,81.23,15.61,13.944,47.3,93.0,24.3,True,True,True,True,7
2026-08-13 08:15,77.4,21.18,11.947,48.9,94.7,26.6,True,True,True,True,10
2026-08-13 08:30,72.97,17.56,11.775,50.7,96.4,28.4,True,False,True,True,13
2026-08-13 08:45,80.94,20.62,12.818,52.4,94.6,30.7,True,False,True,True,12
2026-08-13 09:00,81.79,20.57,13.009,54.5,92.9,32.7,True,False,True,True,15
2026-08-13 09:15,63.93,23.22,8.651,56.5,91.0,34.7,True,False,True,True,15
2026-08-13 09:30,84.59,24.57,12.754,58.5,89.3,36.4,True,False,True,True,7
2026-08-13 09:45,82.93,27.21,11.84,60.2,87.6,38.5,True,False,True,True,14
2026-08-13 10:00,77.85,26.74,10.861,62.1,85.8,40.4,True,False,True,True,10
2026-08-13 10:15,92.91,28.02,13.789,64.2,84.3,42.6,True,False,True,True,16
2026-08-13 10:30,79.22,28.59,10.759,66.2,82.6,44.4,True,False,True,True,17
2026-08-13 10:45,82.07,28.15,11.458,68.1,81.0,46.8,True,False,True,True,7
2026-08-13 11:00,56.8,29.64,5.771,70.0,79.2,48.7,True,False,True,True,13
2026-08-13 11:15,72.93,30.44,9.029,72.1,77.5,50.9,True,False,True,True,11
2026-08-13 11:30,83.17,31.32,11.018,73.8,75.8,52.7,True,False,True,True,11
2026-08-13 11:45,72.2,32.1,8.521,75.3,74.3,54.7,True,False,True,True,13
2026-08-13 12:00,82.46,31.22,10.888,77.0,72.8,56.8,True,False,True,True,7
2026-08-13 12:15,84.08,31.13,11.252,79.4,71.0,58.5,True,False,True,True,13
2026-08-13 12:30,82.23,29.17,11.275,81.0,69.3,60.9,True,False,True,True,11
2026-08-13 12:45,77.0,31.54,9.66,83.1,67.7,62.8,True,False,True,True,11
2026-08-13 13:00,84.58,29.59,11.685,84.6,65.9,64.4,True,False,True,True,9
2026-08-13 13:15,77.16,30.72,9.868,86.4,64.1,66.6,True,False,True,True,9
2026-08-13 13:30,71.42,30.68,8.657,88.5,62.2,68.7,True,False,True,True,12
2026-08-13 13:45,64.47,28.03,7.743,90.1,60.4,71.4,True,False,True,True,15
2026-08-13 14:00,86.04,26.05,12.748,91.8,58.8,73.6,True,False,True,True,9
2026-08-13 14:15,86.47,26.17,12.814,93.7,57.1,76.3,True,False,True,True,14
2026-08-13 14:30,95.0,25.41,14.788,95.2,55.1,78.2,False,False,True,True,16
2026-08-13 14:45,78.47,23.3,11.724,93.5,53.3,80.0,False,False,True,True,11
2026-08-13 15:00,73.9,21.6,11.114,92.2,51.7,82.5,False,False,True,True,9
2026-08-13 15:15,68.85,21.45,10.072,90.7,49.7,84.4,False,False,True,True,18
2026-08-13 15:30,73.26,19.77,11.367,89.3,48.1,86.0,False,False,True,True,11
2026-08-13 15:45,62.14,17.08,9.575,87.9,46.4,87.8,False,False,True,True,12
2026-08-13 16:00,76.61,13.77,13.354,86.5,45.0,89.7,False,False,True,True,11
2026-08-13 16:15,76.72,14.48,13.226,84.9,43.3,91.7,False,False,True,True,14
2026-08-13 16:30,78.27,11.13,14.267,83.3,41.5,93.7,False,False,True,True,10
2026-08-13 16:45,83.76,10.38,15.593,82.1,39.8,95.5,False,False,False,False,11
2026-08-13 17:00,83.78,8.33,16.033,80.9,38.1,94.4,False,False,False,False,10
2026-08-13 17:15,86.36,3.88,17.527,79.7,36.5,93.4,False,False,False,False,10
2026-08-13 17:30,76.2,4.21,15.298,78.4,34.6,92.3,False,False,False,False,7
2026-08-13 17:45,95.0,2.68,19.618,76.8,33.0,91.3,False,False,False,False,14
2026-08-13 18:00,42.22,0.76,8.81,76.4,32.5,91.3,False,False,False,False,0
2026-08-13 18:15,50.9,0.0,10.816,75.8,32.0,91.1,False,False,False,False,0
2026-08-13 18:30,48.69,0.0,10.347,75.6,31.5,91.0,False,False,False,False,0
2026-08-13 18:45,47.17,0.0,10.024,75.3,31.1,90.9,False,False,False,False,0
2026-08-13 19:00,48.91,0.0,10.393,75.0,30.6,90.5,False,False,False,False,0
2026-08-13 19:15,47.84,0.0,10.166,75.0,30.2,90.1,False,False,False,False,0
2026-08-13 19:30,44.75,0.0,9.509,74.4,30.1,89.8,False,False,False,False,0
2026-08-13 19:45,44.18,0.0,9.388,74.2,29.3,89.2,False,False,False,False,0
2026-08-13 20:00,42.71,0.0,9.076,74.1,28.5,88.6,False,False,False,False,0
2026-08-13 20:15,48.41,0.0,10.287,73.7,28.0,87.9,False,False,False,False,0
2026-08-13 20:30,50.7,0.0,10.774,73.1,27.7,87.8,False,False,False,False,0
2026-08-13 20:45,46.99,0.0,9.985,72.6,27.2,87.5,False,False,False,False,0
2026-08-13 21:00,47.49,0.0,10.092,72.1,27.0,87.3,False,False,False,False,0
2026-08-13 21:15,48.19,0.0,10.24,71.4,26.5,87.0,False,False,False,False,0
2026-08-13 21:30,50.62,0.0,10.757,71.2,25.8,86.9,False,False,False,False,0
2026-08-13 21:45,55.15,0.0,11.719,71.2,25.2,86.3,False,False,False,False,0
2026-08-13 22:00,50.19,0.0,10.665,70.7,24.7,86.2,False,False,False,False,0
2026-08-13 22:15,42.21,0.0,8.97,70.4,24.6,86.1,False,False,False,False,0
2026-08-13 22:30,53.3,0.0,11.326,69.9,24.2,85.9,False,False,False,False,0
2026-08-13 22:45,45.46,0.0,9.66,69.2,24.0,86.0,False,False,False,False,0
2026-08-13 23:00,50.66,0.0,10.765,68.6,23.3,85.8,False,False,False,False,0
2026-08-13 23:15,49.69,0.0,10.559,68.2,22.8,85.7,False,False,False,False,0
2026-08-13 23:30,43.14,0.0,9.167,67.9,22.5,85.7,False,False,False,False,0
2026-08-13 23:45,37.61,0.0,7.992,67.3,21.9,85.3,False,False,False,False,0
2026-08-14 00:00,46.65,0.0,9.913,66.8,21.3,84.8,False,False,False,False,0
2026-08-14 00:15,41.41,0.0,8.8,66.2,20.7,84.6,False,False,False,False,0
2026-08-14 00:30,48.96,0.0,10.404,65.8,20.4,83.9,False,False,False,False,0
2026-08-14 00:45,52.85,0.0,11.231,65.6,19.9,83.6,False,True,False,True,0
2026-08-14 01:00,44.01,0.0,9.352,65.2,21.6,83.7,False,True,False,True,0
2026-08-14 01:15,48.42,0.0,10.289,64.6,23.2,83.2,False,True,False,True,0
2026-08-14 01:30,45.4,0.0,9.647,64.4,25.0,82.8,False,True,False,True,0
2026-08-14 01:45,44.16,0.0,9.384,63.9,26.4,82.4,False,True,False,True,0
2026-08-14 02:00,54.05,0.0,11.486,63.1,28.2,82.3,False,True,False,True,0
2026-08-14 02:15,48.82,0.0,10.374,62.6,30.1,82.1,False,True,False,True,0
2026-08-14 02:30,53.34,0.0,11.335,62.1,31.9,82.1,False,True,False,True,0
2026-08-14 02:45,46.26,0.0,9.83,61.7,33.3,81.8,False,True,False,True,0
2026-08-14 03:00,52.25,0.0,11.103,61.2,35.0,81.4,False,True,False,True,0
2026-08-14 03:15,50.82,0.0,10.799,60.2,36.9,81.2,False,True,False,True,0
2026-08-14 03:30,49.98,0.0,10.621,60.0,38.7,81.1,False,True,False,True,0
2026-08-14 03:45,47.75,0.0,10.147,59.7,40.1,80.8,False,True,False,True,0
2026-08-14 04:00,47.89,0.0,10.177,59.3,41.7,80.3,False,True,False,True,0
2026-08-14 04:15,50.52,0.0,10.736,59.1,43.4,80.0,False,True,False,True,0
2026-08-14 04:30,47.24,0.0,10.038,58.9,45.9,79.9,False,True,False,True,0
2026-08-14 04:45,51.04,0.0,10.846,58.7,47.7,79.7,False,True,False,True,0
2026-08-14 05:00,50.08,0.0,10.642,58.4,49.3,79.7,False,True,False,True,0
2026-08-14 05:15,51.39,0.0,10.92,58.4,51.3,79.3,False,True,False,True,0
2026-08-14 05:30,53.79,0.0,11.43,58.2,52.9,78.8,False,True,False,True,0
2026-08-14 05:45,57.16,0.0,12.146,58.0,54.5,78.4,False,True,False,True,0
2026-08-14 06:00,46.66,0.3,9.852,57.8,56.6,78.1,False,True,False,True,0
2026-08-14 06:15,48.68,2.59,9.794,57.3,58.6,77.8,False,True,False,True,0
2026-08-14 06:30,44.59,4.63,8.492,56.9,60.4,77.4,False,True,False,True,0
2026-08-14 06:45,45.67,4.97,8.649,56.5,61.8,77.3,False,True,False,True,0
2026-08-14 07:00,46.71,6.18,8.613,56.0,62.6,77.3,False,True,False,True,0
2026-08-14 07:15,52.84,10.44,9.01,55.7,64.3,77.0,False,True,False,True,0
2026-08-14 07:30,51.65,11.45,8.542,55.4,65.7,76.6,False,True,False,True,0
2026-08-14 07:45,44.54,16.14,6.035,55.1,67.6,76.3,False,True,False,True,0
2026-08-14 08:00,75.45,18.01,12.206,53.7,69.6,75.0,False,True,False,True,14
2026-08-14 08:15,62.02,19.89,8.953,52.3,70.9,73.6,False,True,False,True,9
2026-08-14 08:30,75.68,18.05,12.246,51.2,72.2,72.6,False,True,False,True,16
2026-08-14 08:45,73.77,21.45,11.118,49.8,73.7,71.5,False,True,False,True,18
2026-08-14 09:00,78.66,23.32,11.76,47.9,75.3,70.4,False,True,False,True,12
2026-08-14 09:15,83.13,24.59,12.44,46.7,77.3,69.3,False,True,False,True,18
2026-08-14 09:30,66.73,24.57,8.959,45.3,78.5,68.3,False,True,False,True,11
2026-08-14 09:45,72.74,27.73,9.565,44.2,79.5,66.9,False,True,False,True,13
2026-08-14 10:00,87.36,27.28,12.767,42.5,81.1,65.8,False,True,False,True,15
2026-08-14 10:15,86.82,28.41,12.412,40.6,82.5,64.6,False,True,False,True,13
2026-08-14 10:30,88.11,27.26,12.931,39.0,84.1,63.4,False,True,False,True,8
2026-08-14 10:45,82.49,30.6,11.027,37.2,86.1,62.5,False,True,False,True,11
2026-08-14 11:00,78.94,30.11,10.376,35.8,87.6,61.7,False,True,False,True,12
2026-08-14 11:15,66.26,31.45,7.397,34.5,89.5,60.5,False,True,False,True,13
2026-08-14 11:30,73.53,31.51,8.929,33.4,91.1,59.4,False,True,False,True,9
2026-08-14 11:45,79.81,31.65,10.234,31.9,92.8,58.5,False,True,False,True,11
2026-08-14 12:00,76.57,31.45,9.588,30.3,94.7,57.1,False,True,False,True,19
2026-08-14 12:15,79.71,32.38,10.058,28.8,96.2,56.0,False,False,False,False,11
2026-08-14 12:30,60.67,30.99,6.307,27.4,94.8,54.6,False,False,False,False,21
2026-08-14 12:45,70.64,29.15,8.817,25.6,93.2,53.7,False,False,False,False,19
2026-08-14 13:00,88.65,31.11,12.227,24.4,91.5,52.7,False,False,False,False,9
2026-08-14 13:15,72.22,28.86,9.214,23.2,90.0,51.6,False,False,False,False,15
2026-08-14 13:30,72.54,27.51,9.569,21.5,88.5,50.7,False,False,False,False,10
2026-08-14 13:45,95.0,27.02,14.446,20.5,86.9,49.6,False,False,False,False,8
2026-08-14 14:00,78.79,27.62,10.874,19.3,85.3,48.6,True,False,False,True,9
2026-08-14 14:15,72.77,26.08,9.922,21.1,83.4,47.4,True,False,False,True,11
2026-08-14 14:30,78.81,22.43,11.981,23.0,81.5,46.3,True,False,False,True,8
2026-08-14 14:45,82.36,23.22,12.567,25.0,80.3,45.4,True,False,False,True,14
2026-08-14 15:00,63.8,23.68,8.526,27.2,78.4,44.3,True,False,False,True,14
2026-08-14 15:15,93.46,20.23,15.561,29.1,76.8,43.1,True,False,False,True,14
2026-08-14 15:30,82.3,18.98,13.455,30.7,75.1,42.0,True,False,False,True,16
2026-08-14 15:45,88.97,18.75,14.922,32.3,73.0,41.0,True,False,False,True,17
2026-08-14 16:00,81.33,16.7,13.734,34.0,71.3,39.7,True,False,False,True,9
2026-08-14 16:15,74.59,15.16,12.629,36.0,69.5,38.7,True,False,False,True,15
2026-08-14 16:30,91.2,8.73,17.525,38.0,68.0,37.5,True,False,False,True,12
2026-08-14 16:45,81.44,12.21,14.711,39.7,66.2,36.4,True,False,False,True,16
2026-08-14 17:00,81.17,8.92,15.353,41.0,64.3,35.3,True,False,False,True,8
2026-08-14 17:15,70.03,9.1,12.948,42.9,62.4,34.3,True,False,False,True,10
2026-08-14 17:30,59.77,3.17,12.028,44.2,60.7,33.3,True,False,False,True,10
2026-08-14 17:45,86.99,0.0,18.485,45.7,58.6,32.2,True,False,False,True,6
2026-08-14 18:00,47.41,0.01,10.072,47.5,58.1,32.0,True,False,False,True,0
2026-08-14 18:15,47.84,0.0,10.166,49.4,57.3,31.9,True,False,False,True,0
2026-08-14 18:30,47.64,0.0,10.124,51.0,56.9,31.9,True,False,False,True,0
2026-08-14 18:45,43.5,0.0,9.244,52.8,56.1,32.2,True,False,False,True,0
2026-08-14 19:00,50.65,0.0,10.763,54.7,55.3,32.1,True,False,False,True,0
2026-08-14 19:15,51.7,0.0,10.986,57.0,55.0,31.7,True,False,False,True,0
2026-08-14 19:30,47.79,0.0,10.155,59.0,54.6,31.6,True,False,False,True,0
2026-08-14 19:45,40.37,0.0,8.579,60.6,54.2,31.2,True,False,False,True,0
2026-08-14 20:00,49.18,0.0,10.451,62.2,53.6,30.9,True,False,False,True,0
2026-08-14 20:15,50.88,0.0,10.812,64.1,53.3,30.8,True,False,False,True,0
2026-08-14 20:30,38.4,0.0,8.16,66.2,53.1,30.6,True,False,False,True,0
2026-08-14 20:45,40.33,0.0,8.57,67.9,52.0,30.2,True,False,False,True,0
2026-08-14 21:00,53.17,0.0,11.299,69.7,51.4,30.2,True,False,False,True,0
2026-08-14 21:15,47.99,0.0,10.198,71.9,50.7,30.0,True,False,False,True,0
2026-08-14 21:30,50.31,0.0,10.691,73.7,50.2,29.5,True,False,False,True,0
2026-08-14 21:45,57.92,0.0,12.308,74.9,49.7,29.2,True,False,False,True,0
2026-08-14 22:00,47.26,0.0,10.043,77.6,49.1,28.7,True,False,False,True,0
2026-08-14 22:15,50.54,0.0,10.74,79.3,48.6,28.5,True,False,False,True,0
2026-08-14 22:30,58.5,0.0,12.431,80.9,48.1,28.3,True,False,False,True,0
2026-08-14 22:45,47.9,0.0,10.179,82.8,47.7,28.0,True,False,False,True,0
2026-08-14 23:00,47.29,0.0,10.049,84.6,47.0,27.7,True,False,False,True,0
2026-08-14 23:15,47.05,0.0,9.998,86.7,46.7,26.9,True,False,False,True,0
2026-08-14 23:30,50.9,0.0,10.816,88.5,46.1,26.3,True,False,False,True,0
2026-08-14 23:45,47.96,0.0,10.192,90.5,45.6,26.0,True,False,False,True,0
2026-08-15 00:00,43.5,0.0,9.244,92.1,45.2,26.0,True,False,False,True,0
2026-08-15 00:15,56.96,0.0,12.104,93.2,44.5,25.7,True,False,False,True,0
2026-08-15 00:30,50.14,0.0,10.655,95.1,44.2,25.4,False,False,False,False,0
2026-08-15 00:45,45.76,0.0,9.724,94.9,44.1,25.2,False,False,False,False,0
2026-08-15 01:00,52.83,0.0,11.226,94.9,43.5,25.1,False,False,False,False,0
2026-08-15 01:15,48.69,0.0,10.347,94.5,43.0,24.9,False,False,False,False,0
2026-08-15 01:30,45.02,0.0,9.567,94.1,42.5,24.8,False,False,False,False,0
2026-08-15 01:45,52.23,0.0,11.099,93.7,41.8,24.3,False,False,False,False,0
2026-08-15 02:00,45.17,0.0,9.599,93.1,41.3,23.7,False,False,False,False,0
2026-08-15 02:15,49.78,0.0,10.578,92.8,40.6,23.3,False,False,False,False,0
2026-08-15 02:30,52.66,0.0,11.19,92.7,40.2,22.9,False,False,False,False,0
2026-08-15 02:45,49.64,0.0,10.548,92.2,39.3,22.7,False,False,False,False,0
2026-08-15 03:00,46.88,0.0,9.962,91.7,39.1,22.1,False,False,False,False,0
2026-08-15 03:15,43.68,0.0,9.282,91.6,38.7,21.8,False,False,False,False,0
2026-08-15 03:30,45.64,0.0,9.698,90.9,38.3,21.5,False,False,False,False,0
2026-08-15 03:45,44.17,0.0,9.386,90.7,38.1,21.2,False,False,False,False,0
2026-08-15 04:00,47.7,0.0,10.136,90.1,37.9,21.1,False,False,False,False,0
2026-08-15 04:15,52.0,0.0,11.05,89.6,37.4,20.7,False,False,False,False,0
2026-08-15 04:30,37.78,0.0,8.028,89.5,37.3,20.7,False,False,False,False,0
2026-08-15 04:45,52.15,0.0,11.082,89.2,36.9,20.5,False,False,False,False,0
2026-08-15 05:00,46.37,0.0,9.854,88.7,36.3,20.2,False,False,False,False,0
2026-08-15 05:15,50.54,0.0,10.74,88.1,36.1,19.7,False,False,True,True,0
2026-08-15 05:30,42.71,0.0,9.076,87.9,35.9,22.0,False,False,True,True,0
2026-08-15 05:45,51.71,0.0,10.988,87.7,35.7,23.7,False,False,True,True,0
2026-08-15 06:00,51.44,0.0,10.931,87.6,35.4,25.9,False,False,True,True,0
2026-08-15 06:15,50.76,2.98,10.153,87.0,35.0,28.1,False,False,True,True,0
2026-08-15 06:30,41.98,5.15,7.826,86.4,34.8,30.3,False,False,True,True,0
2026-08-15 06:45,51.61,5.91,9.711,86.1,34.5,32.2,False,False,True,True,0
2026-08-15 07:00,49.24,8.63,8.63,86.0,34.1,33.9,False,False,True,True,0
2026-08-15 07:15,40.73,11.02,6.313,85.7,33.6,36.2,False,False,True,True,0
2026-08-15 07:30,47.2,11.08,7.676,85.3,33.4,38.0,False,False,True,True,0
2026-08-15 07:45,54.47,13.08,8.795,84.9,33.1,40.2,False,False,True,True,0
2026-08-15 08:00,70.06,15.98,11.492,83.8,31.5,42.3,False,False,True,True,20
2026-08-15 08:15,88.53,18.59,14.862,82.2,30.1,44.3,False,False,True,True,11
2026-08-15 08:30,91.74,17.78,15.716,80.8,28.3,46.2,False,False,True,True,10
2026-08-15 08:45,83.31,20.53,13.341,79.2,26.5,48.6,False,False,True,True,15
2026-08-15 09:00,86.95,21.98,13.806,77.6,24.7,50.6,False,False,True,True,11
2026-08-15 09:15,76.37,24.18,11.09,76.4,23.2,52.7,False,False,True,True,10
2026-08-15 09:30,75.46,24.98,10.727,75.0,21.2,54.9,False,False,True,True,10
2026-08-15 09:45,85.42,25.54,12.724,73.6,19.3,57.3,False,True,True,True,12
2026-08-15 10:00,68.29,28.78,8.396,72.2,20.7,59.4,False,True,True,True,13
2026-08-15 10:15,77.03,27.6,10.504,70.9,22.1,61.8,False,True,True,True,10
2026-08-15 10:30,79.4,28.75,10.763,69.5,24.0,64.1,False,True,True,True,10
2026-08-15 10:45,78.05,27.92,10.653,68.2,25.4,66.0,False,True,True,True,17
2026-08-15 11:00,89.45,29.57,12.724,67.1,27.3,67.6,False,True,True,True,16
2026-08-15 11:15,75.05,31.51,9.252,65.6,29.3,69.5,False,True,True,True,13
2026-08-15 11:30,68.41,31.62,7.818,63.8,30.9,71.5,False,True,True,True,9
2026-08-15 11:45,78.33,32.15,9.813,62.4,32.5,73.0,False,True,True,True,7
2026-08-15 12:00,80.59,32.16,10.291,60.9,34.0,74.7,False,True,True,True,13
2026-08-15 12:15,94.76,33.94,12.924,59.5,36.0,76.7,False,True,True,True,18
2026-08-15 12:30,75.27,30.33,9.55,58.6,37.8,78.8,False,True,True,True,9
2026-08-15 12:45,84.74,28.95,11.855,57.4,39.1,80.3,False,True,True,True,11
2026-08-15 13:00,87.77,29.17,12.452,55.6,40.3,82.2,False,True,True,True,14
2026-08-15 13:15,77.59,28.98,10.33,53.7,41.7,83.7,False,True,True,True,17
2026-08-15 13:30,79.65,27.93,10.99,52.3,43.2,86.0,False,True,True,True,8
2026-08-15 13:45,67.65,28.36,8.349,51.0,44.4,88.1,False,True,True,True,14
2026-08-15 14:00,94.59,28.78,13.985,49.4,46.3,90.0,False,True,True,True,15
2026-08-15 14:15,60.93,28.04,6.989,48.2,47.9,91.9,False,True,True,True,8
2026-08-15 14:30,84.77,25.6,12.574,46.7,49.7,94.1,False,True,True,True,16
2026-08-15 14:45,74.79,26.25,10.315,45.2,51.6,95.6,False,True,False,True,8
2026-08-15 15:00,74.81,21.85,11.254,43.9,52.9,94.7,False,True,False,True,11
2026-08-15 15:15,94.62,18.81,16.11,42.4,55.1,93.6,False,True,False,True,14
2026-08-15 15:30,76.02,20.44,11.811,41.0,57.1,92.4,False,True,False,True,15
2026-08-15 15:45,77.85,15.29,13.294,39.2,58.7,91.3,False,True,False,True,11
2026-08-15 16:00,79.05,14.84,13.645,37.5,60.0,90.7,False,True,False,True,13
2026-08-15 16:15,84.95,14.56,14.958,36.0,61.3,89.7,False,True,False,True,19
2026-08-15 16:30,75.23,11.93,13.451,34.9,63.0,88.7,False,True,False,True,10
2026-08-15 16:45,77.9,9.9,14.45,33.6,64.5,88.0,False,True,False,True,9
2026-08-15 17:00,67.67,6.74,12.948,32.0,66.1,87.3,False,True,False,True,7
2026-08-15 17:15,94.01,6.13,18.675,30.4,68.2,86.2,False,True,False,True,19
2026-08-15 17:30,86.0,5.32,17.144,29.2,69.8,85.4,False,True,False,True,10
2026-08-15 17:45,79.75,2.08,16.505,27.7,71.3,84.4,False,True,False,True,12
2026-08-15 18:00,57.81,0.0,12.285,27.5,73.0,84.1,False,True,False,True,0
2026-08-15 18:15,51.77,0.0,11.001,27.4,74.6,84.1,False,True,False,True,0
2026-08-15 18:30,53.12,0.0,11.288,27.3,75.9,83.7,False,True,False,True,0
2026-08-15 18:45,48.26,0.0,10.255,27.0,77.0,83.5,False,True,False,True,0
2026-08-15 19:00,46.75,0.0,9.934,26.7,78.5,83.4,False,True,False,True,0
2026-08-15 19:15,47.84,0.0,10.166,26.4,79.9,83.0,False,True,False,True,0
2026-08-15 19:30,48.68,0.0,10.344,26.3,81.3,82.5,False,True,False,True,0
2026-08-15 19:45,54.11,0.0,11.498,25.9,82.9,82.3,False,True,False,True,0
2026-08-15 20:00,49.13,0.0,10.44,25.6,84.6,82.1,False,True,False,True,0
2026-08-15 20:15,45.56,0.0,9.682,25.1,86.0,81.9,False,True,False,True,0
2026-08-15 20:30,50.06,0.0,10.638,24.7,87.7,82.1,False,True,False,True,0
2026-08-15 20:45,53.1,0.0,11.284,24.5,89.1,82.0,False,True,False,True,0
2026-08-15 21:00,48.81,0.0,10.372,23.9,90.6,81.8,False,True,False,True,0
2026-08-15 21:15,49.84,0.0,10.591,23.7,92.2,81.7,False,True,False,True,0
2026-08-15 21:30,45.86,0.0,9.745,23.5,94.0,81.5,False,True,False,True,0
2026-08-15 21:45,42.14,0.0,8.955,23.1,96.0,81.4,False,False,False,False,0
2026-08-15 22:00,46.56,0.0,9.894,22.6,95.5,80.8,False,False,False,False,0
2026-08-15 22:15,39.52,0.0,8.398,22.3,95.0,80.5,False,False,False,False,0
2026-08-15 22:30,47.55,0.0,10.104,21.9,94.5,80.2,False,False,False,False,0
2026-08-15 22:45,50.18,0.0,10.663,21.5,94.0,79.8,False,False,False,False,0
2026-08-15 23:00,45.1,0.0,9.584,21.2,93.7,79.3,False,False,False,False,0
2026-08-15 23:15,35.8,0.0,7.607,20.8,93.3,78.9,False,False,False,False,0
2026-08-15 23:30,40.99,0.0,8.71,20.4,92.9,78.6,False,False,False,False,0
2026-08-15 23:45,54.15,0.0,11.507,20.4,92.5,78.7,False,False,False,False,0
2026-08-16 00:00,47.03,0.0,9.994,19.7,92.4,78.3,True,False,False,True,0
2026-08-16 00:15,50.92,0.0,10.82,22.0,92.2,77.9,True,False,False,True,0
2026-08-16 00:30,43.51,0.0,9.246,23.8,92.2,77.8,True,False,False,True,0
2026-08-16 00:45,53.9,0.0,11.454,25.9,91.6,77.6,True,False,False,True,0
2026-08-16 01:00,46.38,0.0,9.856,27.8,91.3,77.7,True,False,False,True,0
2026-08-16 01:15,47.53,0.0,10.1,29.8,90.9,77.4,True,False,False,True,0
2026-08-16 01:30,59.88,0.0,12.724,31.9,90.8,77.3,True,False,False,True,0
2026-08-16 01:45,55.6,0.0,11.815,33.6,90.3,77.1,True,False,False,True,0
2026-08-16 02:00,45.39,0.0,9.645,35.5,89.8,76.8,True,False,False,True,0
2026-08-16 02:15,45.71,0.0,9.713,37.8,89.1,76.8,True,False,False,True,0
2026-08-16 02:30,46.1,0.0,9.796,39.9,88.4,76.6,True,False,False,True,0
2026-08-16 02:45,47.78,0.0,10.153,42.1,87.9,76.3,True,False,False,True,0
2026-08-16 03:00,47.93,0.0,10.185,44.4,87.4,75.9,True,False,False,True,0
2026-08-16 03:15,45.59,0.0,9.688,46.4,86.9,75.5,True,False,False,True,0
2026-08-16 03:30,51.96,0.0,11.042,47.9,86.5,75.1,True,False,False,True,0
2026-08-16 03:45,44.58,0.0,9.473,49.9,86.2,75.2,True,False,False,True,0
2026-08-16 04:00,54.07,0.0,11.49,52.0,85.7,74.7,True,False,False,True,0
2026-08-16 04:15,47.62,0.0,10.119,54.1,85.3,74.4,True,False,False,True,0
2026-08-16 04:30,54.97,0.0,11.681,55.7,85.0,74.3,True,False,False,True,0
2026-08-16 04:45,47.68,0.0,10.132,57.7,84.6,74.3,True,False,False,True,0
2026-08-16 05:00,53.15,0.0,11.294,59.4,83.8,74.0,True,False,False,True,0
2026-08-16 05:15,44.97,0.0,9.556,61.4,83.5,73.8,True,False,False,True,0
2026-08-16 05:30,45.74,0.0,9.72,63.8,83.1,73.3,True,False,False,True,0
2026-08-16 05:45,49.47,0.0,10.512,65.3,82.6,72.9,True,False,False,True,0
2026-08-16 06:00,50.38,0.35,10.631,67.0,82.4,72.5,True,False,False,True,0
2026-08-16 06:15,48.39,0.0,10.283,68.8,82.0,72.3,True,False,False,True,0
2026-08-16 06:30,40.33,4.31,7.654,71.0,81.9,71.9,True,False,False,True,0
2026-08-16 06:45,43.64,4.52,8.313,73.8,81.5,71.5,True,False,False,True,0
2026-08-16 07:00,40.42,7.7,6.953,75.8,81.2,71.2,True,False,False,True,0
2026-08-16 07:15,42.77,10.85,6.783,77.6,81.2,71.2,True,False,False,True,0
2026-08-16 07:30,47.76,14.82,7.0,79.4,80.7,70.9,True,False,False,True,0
2026-08-16 07:45,54.63,12.64,8.923,80.6,80.2,70.6,True,False,False,True,0
2026-08-16 08:00,80.57,15.57,13.812,82.5,78.5,69.6,True,False,False,True,14
2026-08-16 08:15,60.71,16.63,9.367,84.3,76.3,68.5,True,False,False,True,9
2026-08-16 08:30,72.05,18.13,11.458,86.5,74.9,67.5,True,False,False,True,11
2026-08-16 08:45,74.09,19.91,11.513,87.7,73.5,66.3,True,False,False,True,12
2026-08-16 09:00,94.29,23.26,15.094,89.5,71.7,65.4,True,False,False,True,13
2026-08-16 09:15,71.63,23.1,10.313,91.4,69.8,64.4,True,False,False,True,11
2026-08-16 09:30,75.3,27.69,10.117,92.8,68.1,63.3,True,False,False,True,9
2026-08-16 09:45,95.0,26.69,14.516,95.0,66.4,62.3,True,False,False,True,10
2026-08-16 10:00,84.27,26.07,12.367,96.8,64.9,61.4,False,False,False,False,11
2026-08-16 10:15,84.63,27.81,12.074,95.3,62.8,60.5,False,False,False,False,15
2026-08-16 10:30,77.87,28.14,10.568,93.8,61.2,59.3,False,False,False,False,12
2026-08-16 10:45,77.15,30.79,9.852,92.5,59.3,58.0,False,False,False,False,13
2026-08-16 11:00,67.81,28.46,8.362,91.4,57.5,56.9,False,False,False,False,10
2026-08-16 11:15,83.54,29.29,11.528,89.8,56.0,56.0,False,False,False,False,12
2026-08-16 11:30,86.65,30.52,11.928,88.1,54.1,54.8,False,False,False,False,18
2026-08-16 11:45,73.25,32.25,8.712,86.6,52.5,53.4,False,False,False,False,9
2026-08-16 12:00,80.35,32.98,10.066,85.3,50.7,52.9,False,False,False,False,11
2026-08-16 12:15,85.87,33.09,11.216,84.0,48.8,51.6,False,False,False,False,11
2026-08-16 12:30,66.65,31.87,7.391,82.8,47.1,50.6,False,False,False,False,8
2026-08-16 12:45,75.78,30.8,9.558,81.4,45.0,49.4,False,False,False,False,15
2026-08-16 13:00,69.56,31.38,8.113,79.7,43.0,48.3,False,False,False,False,8
2026-08-16 13:15,88.11,28.45,12.678,78.1,41.3,47.4,False,False,False,False,10
2026-08-16 13:30,84.72,26.89,12.289,76.8,39.3,46.6,False,False,False,False,13
2026-08-16 13:45,60.17,28.78,6.67,75.7,37.3,45.7,False,False,False,False,15
2026-08-16 14:00,70.69,26.07,9.482,74.2,35.2,44.3,False,False,False,False,13
2026-08-16 14:15,74.47,26.11,10.276,72.6,33.5,43.2,False,False,False,False,15
2026-08-16 14:30,79.54,25.13,11.562,71.2,31.4,42.2,False,False,False,False,10
2026-08-16 14:45,66.0,23.98,8.929,69.9,29.8,41.1,False,False,False,False,12
2026-08-16 15:00,91.35,23.4,14.439,68.5,28.3,39.9,False,False,False,False,8
2026-08-16 15:15,79.69,21.77,12.308,67.1,26.4,38.8,False,False,False,False,15
2026-08-16 15:30,88.62,19.41,14.707,65.9,24.8,37.7,False,False,False,False,11
2026-08-16 15:45,76.48,16.97,12.646,64.4,22.7,36.9,False,False,False,False,15
2026-08-16 16:00,84.21,15.88,14.52,62.9,21.4,36.1,False,False,False,False,10
2026-08-16 16:15,79.33,13.22,14.048,61.4,19.6,34.7,False,True,False,True,10
2026-08-16 16:30,69.59,11.82,12.276,59.9,21.4,33.7,False,True,False,True,23
2026-08-16 16:45,84.1,13.27,15.051,58.2,22.5,32.6,False,True,False,True,8
2026-08-16 17:00,76.59,8.37,14.497,56.8,24.4,31.7,False,True,False,True,19
2026-08-16 17:15,91.71,6.69,18.067,55.4,25.5,30.4,False,True,False,True,16
2026-08-16 17:30,81.55,3.26,16.637,53.6,27.2,29.4,False,True,False,True,7
2026-08-16 17:45,91.16,3.28,18.674,52.5,28.9,28.3,False,True,False,True,11
2026-08-16 18:00,48.66,0.91,10.147,52.5,30.5,28.0,False,True,False,True,0
2026-08-16 18:15,40.93,0.0,8.698,52.0,32.3,28.0,False,True,False,True,0
2026-08-16 18:30,39.24,0.0,8.338,51.7,34.2,27.6,False,True,False,True,0
2026-08-16 18:45,47.66,0.0,10.128,51.0,35.5,27.3,False,True,False,True,0
2026-08-16 19:00,49.46,0.0,10.51,50.4,36.8,26.9,False,True,False,True,0
2026-08-16 19:15,52.74,0.0,11.207,49.9,38.4,26.8,False,True,False,True,0
2026-08-16 19:30,45.26,0.0,9.618,49.4,39.5,26.6,False,True,False,True,0
2026-08-16 19:45,42.57,0.0,9.046,49.2,41.5,26.1,False,True,False,True,0
2026-08-16 20:00,41.03,0.0,8.719,48.9,43.0,25.6,False,True,False,True,0
2026-08-16 20:15,36.11,0.0,7.673,48.1,45.3,25.3,False,True,False,True,0
2026-08-16 20:30,49.56,0.0,10.532,48.0,47.1,24.9,False,True,False,True,0
2026-08-16 20:45,47.33,0.0,10.058,47.6,48.5,24.4,False,True,False,True,0
2026-08-16 21:00,43.18,0.0,9.176,47.5,49.7,24.2,False,True,False,True,0
2026-08-16 21:15,53.4,0.0,11.348,47.0,51.7,23.7,False,True,False,True,0
2026-08-16 21:30,52.0,0.0,11.05,46.5,52.3,23.3,False,True,False,True,0
2026-08-16 21:45,50.4,0.0,10.71,46.3,53.8,23.4,False,True,False,True,0
2026-08-16 22:00,38.25,0.0,8.128,45.9,56.0,22.6,False,True,False,True,0
2026-08-16 22:15,52.57,0.0,11.171,45.3,57.6,22.5,False,True,False,True,0
2026-08-16 22:30,53.77,0.0,11.426,44.9,59.3,22.3,False,True,False,True,0
2026-08-16 22:45,47.54,0.0,10.102,44.8,60.9,22.1,False,True,False,True,0
2026-08-16 23:00,51.54,0.0,10.952,44.3,62.7,22.0,False,True,False,True,0
2026-08-16 23:15,44.12,0.0,9.375,43.6,64.0,21.7,False,True,False,True,0
2026-08-16 23:30,54.32,0.0,11.543,43.5,65.6,21.5,False,True,False,True,0
2026-08-16 23:45,44.7,0.0,9.499,43.2,67.6,21.4,False,True,False,True,0
2026-08-17 00:00,50.55,0.0,10.742,42.9,69.2,21.0,False,True,False,True,0
2026-08-17 00:15,40.76,0.0,8.662,42.5,70.8,20.3,False,True,False,True,0
2026-08-17 00:30,44.38,0.0,9.431,42.0,72.7,19.9,False,True,True,True,0
2026-08-17 00:45,54.21,0.0,11.52,41.6,74.7,22.2,False,True,True,True,0
2026-08-17 01:00,47.28,0.0,10.047,40.8,76.3,24.5,False,True,True,True,0
2026-08-17 01:15,50.16,0.0,10.659,40.5,77.6,26.4,False,True,True,True,0
2026-08-17 01:30,47.84,0.0,10.166,40.3,78.9,28.8,False,True,True,True,0
2026-08-17 01:45,47.34,0.0,10.06,39.9,80.6,31.1,False,True,True,True,0
2026-08-17 02:00,53.37,0.0,11.341,39.3,82.2,33.3,False,True,True,True,0
2026-08-17 02:15,46.18,0.0,9.813,38.9,84.3,35.9,False,True,True,True,0
2026-08-17 02:30,41.52,0.0,8.823,38.4,86.8,38.3,False,True,True,True,0
2026-08-17 02:45,41.16,0.0,8.746,38.0,88.9,40.4,False,True,True,True,0
2026-08-17 03:00,48.74,0.0,10.357,37.7,90.3,42.5,False,True,True,True,0
2026-08-17 03:15,49.02,0.0,10.417,37.4,91.8,45.0,False,True,True,True,0
2026-08-17 03:30,40.02,0.0,8.504,36.9,93.0,47.3,False,True,True,True,0
2026-08-17 03:45,48.36,0.0,10.276,36.6,94.6,48.9,False,True,True,True,0
2026-08-17 04:00,45.71,0.0,9.713,36.3,96.3,51.4,False,False,True,True,0
2026-08-17 04:15,46.89,0.0,9.964,36.3,95.7,53.8,False,False,True,True,0
2026-08-17 04:30,41.53,0.0,8.825,36.0,95.4,56.4,False,False,True,True,0
2026-08-17 04:45,45.45,0.0,9.658,35.7,94.9,58.5,False,False,True,True,0
2026-08-17 05:00,42.66,0.0,9.065,35.3,94.5,59.9,False,False,True,True,0
2026-08-17 05:15,50.75,0.0,10.784,35.0,93.9,61.8,False,False,True,True,0
2026-08-17 05:30,49.36,0.0,10.489,34.9,93.7,63.6,False,False,True,True,0
2026-08-17 05:45,46.86,0.0,9.958,34.5,93.0,65.7,False,False,True,True,0
2026-08-17 06:00,41.31,0.0,8.778,34.0,92.6,68.5,False,False,True,True,0
2026-08-17 06:15,46.3,3.3,9.138,33.8,92.2,70.4,False,False,True,True,0
2026-08-17 06:30,47.66,3.45,9.395,33.4,92.0,72.9,False,False,True,True,0
2026-08-17 06:45,45.07,3.25,8.887,33.2,91.6,74.8,False,False,True,True,0
2026-08-17 07:00,46.88,10.27,7.78,32.9,91.1,77.1,False,False,True,True,0
2026-08-17 07:15,48.24,9.16,8.304,32.5,90.7,79.8,False,False,True,True,0
2026-08-17 07:30,44.69,11.76,6.998,32.2,90.3,81.7,False,False,True,True,0
2026-08-17 07:45,47.74,15.9,6.766,32.1,90.1,84.2,False,False,True,True,0
2026-08-17 08:00,92.72,15.58,16.392,30.3,88.4,86.2,False,False,True,True,13
2026-08-17 08:15,73.7,17.3,11.985,28.9,86.8,88.5,False,False,True,True,14
2026-08-17 08:30,74.72,17.7,12.117,27.4,85.4,90.8,False,False,True,True,16
2026-08-17 08:45,77.39,18.81,12.448,25.7,84.0,92.8,False,False,True,True,8
2026-08-17 09:00,71.96,22.07,10.602,24.1,82.3,94.2,False,False,True,True,12
2026-08-17 09:15,82.79,24.12,12.467,22.8,80.5,96.4,False,False,False,False,10
2026-08-17 09:30,78.31,25.36,11.252,21.5,78.7,95.6,False,False,False,False,19
2026-08-17 09:45,92.23,25.61,14.157,19.5,76.7,94.8,True,False,False,True,8
2026-08-17 10:00,75.76,27.3,10.298,21.3,74.9,93.6,True,False,False,True,13
2026-08-17 10:15,82.24,26.05,11.94,23.3,73.1,92.7,True,False,False,True,9
2026-08-17 10:30,67.11,29.65,7.96,25.2,71.5,91.4,True,False,False,True,17
2026-08-17 10:45,82.87,30.02,11.231,26.9,69.6,89.9,True,False,False,True,15
2026-08-17 11:00,87.43,32.8,11.609,28.7,67.9,88.7,True,False,False,True,13
2026-08-17 11:15,79.01,30.9,10.223,30.6,66.5,87.4,True,False,False,True,14
2026-08-17 11:30,89.81,30.1,12.688,32.5,64.8,86.1,True,False,False,True,8
2026-08-17 11:45,72.87,31.37,8.819,33.5,63.0,85.2,True,False,False,True,12
2026-08-17 12:00,86.43,31.11,11.756,35.2,61.3,84.2,True,False,False,True,20
2026-08-17 12:15,77.29,31.95,9.635,36.7,59.0,83.6,True,False,False,True,13
2026-08-17 12:30,70.54,31.26,8.347,38.0,57.1,82.0,True,False,False,True,8
2026-08-17 12:45,81.57,29.38,11.09,39.5,55.2,81.3,True,False,False,True,13
2026-08-17 13:00,93.05,28.46,13.725,40.6,53.3,79.9,True,False,False,True,14
2026-08-17 13:15,72.46,30.14,8.993,42.9,51.7,78.8,True,False,False,True,9
2026-08-17 13:30,76.54,30.76,9.728,44.6,49.9,78.0,True,False,False,True,10
2026-08-17 13:45,69.11,28.35,8.662,46.2,48.1,76.6,True,False,False,True,15
2026-08-17 14:00,91.8,28.26,13.502,48.2,46.2,75.5,True,False,False,True,8
2026-08-17 14:15,83.29,27.41,11.875,49.9,44.6,74.0,True,False,False,True,9
2026-08-17 14:30,76.76,25.31,10.933,51.9,42.8,73.1,True,False,False,True,14
2026-08-17 14:45,85.4,22.71,13.322,53.6,41.1,71.9,True,False,False,True,13
2026-08-17 15:00,83.09,22.51,12.873,55.4,39.6,70.6,True,False,False,True,23
2026-08-17 15:15,77.34,22.22,11.713,57.1,38.1,69.7,True,False,False,True,15
2026-08-17 15:30,91.62,19.81,15.26,59.1,36.4,68.8,True,False,False,True,9
2026-08-17 15:45,78.45,18.4,12.761,60.7,34.7,67.4,True,False,False,True,13
2026-08-17 16:00,81.29,15.19,14.046,61.8,33.2,66.5,True,False,False,True,14
2026-08-17 16:15,84.24,13.69,14.992,63.6,31.8,65.7,True,False,False,True,11
2026-08-17 16:30,88.08,11.91,16.186,65.6,30.2,64.4,True,False,False,True,13
2026-08-17 16:45,75.92,10.06,13.995,67.2,28.6,63.4,True,False,False,True,17
2026-08-17 17:00,79.16,9.55,14.792,68.7,26.5,62.0,True,False,False,True,25
2026-08-17 17:15,80.95,3.33,16.494,70.3,24.7,60.8,True,False,False,True,9
2026-08-17 17:30,93.89,4.15,19.07,71.4,23.4,59.8,True,False,False,True,6
2026-08-17 17:45,73.43,1.96,15.187,72.9,21.7,58.7,True,False,False,True,8
2026-08-17 18:00,49.83,0.0,10.589,74.4,21.3,58.3,True,False,False,True,0
2026-08-17 18:15,47.76,0.0,10.149,76.4,20.7,57.6,True,False,False,True,0
2026-08-17 18:30,50.53,0.0,10.738,78.1,20.3,56.9,True,False,False,True,0
2026-08-17 18:45,48.2,0.0,10.242,80.1,19.5,56.9,True,True,False,True,0
2026-08-17 19:00,45.07,0.0,9.577,81.4,20.8,56.8,True,True,False,True,0
2026-08-17 19:15,46.56,0.0,9.894,84.0,23.0,56.6,True,True,False,True,0
2026-08-17 19:30,44.88,0.0,9.537,85.5,24.5,56.3,True,True,False,True,0
2026-08-17 19:45,48.68,0.0,10.344,87.0,26.1,56.0,True,True,False,True,0
2026-08-17 20:00,57.53,0.0,12.225,89.1,27.8,55.7,True,True,False,True,0
2026-08-17 20:15,37.15,0.0,7.894,90.6,29.2,55.0,True,True,False,True,0
2026-08-17 20:30,46.6,0.0,9.902,92.5,30.5,54.7,True,True,False,True,0
2026-08-17 20:45,44.45,0.0,9.446,95.1,32.2,54.5,False,True,False,True,0
2026-08-17 21:00,50.17,0.0,10.661,94.9,33.9,54.2,False,True,False,True,0
2026-08-17 21:15,46.6,0.0,9.902,94.9,35.9,54.0,False,True,False,True,0
2026-08-17 21:30,51.21,0.0,10.882,94.5,37.8,53.8,False,True,False,True,0
2026-08-17 21:45,51.83,0.0,11.014,94.3,39.2,53.2,False,True,False,True,0
2026-08-17 22:00,50.95,0.0,10.827,94.2,40.9,52.8,False,True,False,True,0
2026-08-17 22:15,52.2,0.0,11.093,93.7,42.3,53.0,False,True,False,True,0
2026-08-17 22:30,40.02,0.0,8.504,93.1,43.4,52.3,False,True,False,True,0
2026-08-17 22:45,54.77,0.0,11.639,92.7,44.9,51.9,False,True,False,True,0
2026-08-17 23:00,46.7,0.0,9.924,92.3,46.3,52.0,False,True,False,True,0
2026-08-17 23:15,52.13,0.0,11.078,92.2,47.7,51.8,False,True,False,True,0
2026-08-17 23:30,40.65,0.0,8.638,92.0,49.5,51.6,False,True,False,True,0
2026-08-17 23:45,44.46,0.0,9.448,91.5,51.1,51.4,False,True,False,True,0
2026-08-18 00:00,47.09,0.0,10.007,91.4,52.4,51.2,False,True,False,True,0
2026-08-18 00:15,48.7,0.0,10.349,90.9,53.8,51.3,False,True,False,True,0
2026-08-18 00:30,46.45,0.0,9.871,90.8,55.4,51.2,False,True,False,True,0
2026-08-18 00:45,52.37,0.0,11.129,90.2,56.4,50.6,False,True,False,True,0
2026-08-18 01:00,42.08,0.0,8.942,90.1,58.1,50.6,False,True,False,True,0
2026-08-18 01:15,53.71,0.0,11.413,89.6,59.7,49.9,False,True,False,True,0
2026-08-18 01:30,46.5,0.0,9.881,89.1,61.4,49.9,False,True,False,True,0
2026-08-18 01:45,47.22,0.0,10.034,88.7,63.4,49.8,False,True,False,True,0
2026-08-18 02:00,42.48,0.0,9.027,88.4,65.3,49.6,False,True,False,True,0
2026-08-18 02:15,53.11,0.0,11.286,88.3,66.7,49.5,False,True,False,True,0
2026-08-18 02:30,35.38,0.0,7.518,88.2,68.6,49.3,False,True,False,True,0
2026-08-18 02:45,48.77,0.0,10.364,87.4,70.3,48.9,False,True,False,True,0
2026-08-18 03:00,47.64,0.0,10.124,87.3,71.5,48.6,False,True,False,True,0
2026-08-18 03:15,47.67,0.0,10.13,87.3,73.0,47.8,False,True,False,True,0
2026-08-18 03:30,43.74,0.0,9.295,86.9,74.5,47.5,False,True,False,True,0
2026-08-18 03:45,51.51,0.0,10.946,86.6,76.3,47.2,False,True,False,True,0
2026-08-18 04:00,41.75,0.0,8.872,86.3,77.6,47.0,False,True,False,True,0
2026-08-18 04:15,45.71,0.0,9.713,85.9,78.9,47.0,False,True,False,True,0
2026-08-18 04:30,47.59,0.0,10.113,85.8,80.6,47.0,False,True,False,True,0
2026-08-18 04:45,51.27,0.0,10.895,85.9,81.9,46.5,False,True,False,True,0
2026-08-18 05:00,49.2,0.0,10.455,85.6,83.3,46.1,False,True,False,True,0
2026-08-18 05:15,48.3,0.0,10.264,85.0,84.7,45.8,False,True,False,True,0
2026-08-18 05:30,43.55,0.0,9.254,84.7,86.4,45.2,False,True,False,True,0
2026-08-18 05:45,39.09,0.0,8.307,84.3,88.0,45.3,False,True,False,True,0
2026-08-18 06:00,49.1,0.0,10.434,83.8,89.4,45.1,False,True,False,True,0
2026-08-18 06:15,39.46,0.7,8.236,83.6,90.1,44.9,False,True,False,True,0
2026-08-18 06:30,50.42,3.14,10.047,83.4,91.9,44.5,False,True,False,True,0
2026-08-18 06:45,45.99,5.86,8.528,83.2,93.2,44.5,False,True,False,True,0
2026-08-18 07:00,57.98,8.95,10.419,82.7,94.8,44.0,False,True,False,True,0
2026-08-18 07:15,43.3,11.64,6.728,82.2,96.2,43.8,False,False,False,False,0
2026-08-18 07:30,48.69,10.43,8.13,81.8,96.2,43.5,False,False,False,False,0
2026-08-18 07:45,55.59,13.22,9.004,81.7,95.6,43.4,False,False,False,False,0
2026-08-18 08:00,88.72,15.32,15.598,79.9,94.0,42.5,False,False,False,False,10
2026-08-18 08:15,77.36,18.45,12.518,78.5,92.3,41.5,False,False,False,False,9
2026-08-18 08:30,62.04,18.54,9.244,77.1,90.5,40.2,False,False,False,False,8
2026-08-18 08:45,88.71,20.25,14.548,75.5,88.4,39.2,False,False,False,False,7
2026-08-18 09:00,82.08,20.58,13.069,74.0,86.7,38.3,False,False,False,False,7
2026-08-18 09:15,71.47,24.26,10.032,72.6,85.0,36.9,False,False,False,False,12
2026-08-18 09:30,86.61,24.8,13.135,71.0,83.4,35.8,False,False,False,False,16
2026-08-18 09:45,68.87,25.41,9.235,69.2,81.8,35.0,False,False,False,False,21
2026-08-18 10:00,75.72,26.97,10.359,67.7,80.0,33.6,False,False,False,False,9
2026-08-18 10:15,84.31,29.6,11.626,66.3,78.3,32.4,False,False,False,False,8
2026-08-18 10:30,91.56,27.9,13.528,65.1,76.5,31.6,False,False,False,False,6
2026-08-18 10:45,84.9,28.82,11.917,63.9,74.8,30.9,False,False,False,False,15
2026-08-18 11:00,86.47,31.93,11.59,62.6,73.1,30.0,False,False,False,False,6
2026-08-18 11:15,84.69,30.99,11.411,61.3,71.4,28.9,False,False,False,False,15
2026-08-18 11:30,82.64,32.03,10.755,60.1,69.2,27.8,False,False,False,False,14
2026-08-18 11:45,70.08,31.91,8.111,58.7,67.6,26.7,False,False,False,False,15
2026-08-18 12:00,78.51,31.46,9.998,57.3,65.8,25.7,False,False,False,False,4
2026-08-18 12:15,70.76,31.01,8.447,56.1,64.3,24.4,False,False,False,False,7
2026-08-18 12:30,80.08,32.23,10.168,55.0,62.4,23.3,False,False,False,False,8
2026-08-18 12:45,83.32,32.29,10.844,53.4,60.6,21.9,False,False,False,False,15
2026-08-18 13:00,80.95,31.73,10.459,51.9,58.8,20.8,False,False,False,False,13
2026-08-18 13:15,83.39,28.41,11.683,50.5,57.3,19.7,False,False,True,True,9
2026-08-18 13:30,56.34,30.67,5.455,49.1,55.4,22.0,False,False,True,True,10
2026-08-18 13:45,82.24,27.82,11.564,47.6,53.4,24.0,False,False,True,True,13
2026-08-18 14:00,83.93,26.37,12.232,46.0,52.0,25.4,False,False,True,True,14
2026-08-18 14:15,86.61,25.99,12.882,44.5,50.4,27.7,False,False,True,True,10
2026-08-18 14:30,77.14,25.99,10.869,43.1,48.7,29.9,False,False,True,True,12
2026-08-18 14:45,85.21,24.33,12.937,41.7,47.0,32.6,False,False,True,True,14
2026-08-18 15:00,76.65,21.97,11.62,40.5,45.2,34.2,False,False,True,True,11
2026-08-18 15:15,80.94,21.77,12.574,38.9,43.3,36.1,False,False,True,True,13
2026-08-18 15:30,82.32,19.34,13.383,37.1,41.7,37.5,False,False,True,True,12
2026-08-18 15:45,84.18,16.81,14.316,35.7,39.9,39.6,False,False,True,True,16
2026-08-18 16:00,71.85,14.9,12.102,34.1,38.0,41.7,False,False,True,True,17
2026-08-18 16:15,72.43,14.42,12.327,32.5,36.4,43.7,False,False,True,True,18
2026-08-18 16:30,69.71,11.96,12.272,31.0,34.3,45.8,False,False,True,True,16
2026-08-18 16:45,86.14,8.47,16.505,30.0,32.5,47.6,False,False,True,True,7
2026-08-18 17:00,73.02,9.17,13.568,28.7,30.6,49.7,False,False,True,True,12
2026-08-18 17:15,83.63,5.57,16.588,27.0,28.7,52.4,False,False,True,True,20
2026-08-18 17:30,81.61,6.02,16.063,25.6,26.8,54.1,False,False,True,True,10
2026-08-18 17:45,79.71,0.38,16.858,24.0,25.0,55.9,False,False,True,True,6
2026-08-18 18:00,49.19,0.0,10.453,23.8,24.5,58.0,False,False,True,True,0
2026-08-18 18:15,56.5,0.0,12.006,23.3,24.0,60.4,False,False,True,True,0
2026-08-18 18:30,45.39,0.0,9.645,23.1,23.6,62.4,False,False,True,True,0
2026-08-18 18:45,50.72,0.0,10.778,22.9,22.8,64.4,False,False,True,True,0
2026-08-18 19:00,52.4,0.0,11.135,22.4,22.5,66.0,False,False,True,True,0
2026-08-18 19:15,48.92,0.0,10.396,22.0,21.8,67.7,False,False,True,True,0
2026-08-18 19:30,46.06,0.0,9.788,21.9,21.4,69.7,False,False,True,True,0
2026-08-18 19:45,39.65,0.0,8.426,21.4,20.7,71.5,False,False,True,True,0
2026-08-18 20:00,49.3,0.0,10.476,21.0,20.1,73.4,False,False,True,True,0
2026-08-18 20:15,46.29,0.0,9.837,20.5,19.4,75.8,False,True,True,True,0
2026-08-18 20:30,46.4,0.0,9.86,20.0,21.9,77.3,False,True,True,True,0
2026-08-18 20:45,49.78,0.0,10.578,19.6,24.3,79.1,True,True,True,True,0
2026-08-18 21:00,43.62,0.0,9.269,21.7,25.9,81.1,True,True,True,True,0
2026-08-18 21:15,46.25,0.0,9.828,23.4,27.6,83.1,True,True,True,True,0
2026-08-18 21:30,45.68,0.0,9.707,25.4,29.0,84.9,True,True,True,True,0
2026-08-18 21:45,41.5,0.0,8.819,26.6,30.8,86.4,True,True,True,True,0
2026-08-18 22:00,54.11,0.0,11.498,28.3,32.1,88.2,True,True,True,True,0
2026-08-18 22:15,42.16,0.0,8.959,30.0,33.8,89.8,True,True,True,True,0
2026-08-18 22:30,45.59,0.0,9.688,31.8,35.1,92.0,True,True,True,True,0
2026-08-18 22:45,49.66,0.0,10.553,34.0,37.2,94.4,True,True,True,True,0
2026-08-18 23:00,51.72,0.0,10.99,36.2,38.7,95.8,True,True,False,True,0
2026-08-18 23:15,49.07,0.0,10.427,38.3,40.0,95.7,True,True,False,True,0
2026-08-18 23:30,45.17,0.0,9.599,40.1,41.5,95.3,True,True,False,True,0
2026-08-18 23:45,47.81,0.0,10.16,41.4,43.2,95.2,True,True,False,True,0
2026-08-19 00:00,47.87,0.0,10.172,43.3,44.5,95.0,True,True,False,True,0
2026-08-19 00:15,47.82,0.0,10.162,45.1,46.6,94.8,True,True,False,True,0
2026-08-19 00:30,44.97,0.0,9.556,46.8,48.4,94.3,True,True,False,True,0
2026-08-19 00:45,47.47,0.0,10.087,48.4,49.8,94.0,True,True,False,True,0
2026-08-19 01:00,44.62,0.0,9.482,50.7,51.1,93.5,True,True,False,True,0
2026-08-19 01:15,38.54,0.0,8.19,52.9,52.8,92.9,True,True,False,True,0
2026-08-19 01:30,43.76,0.0,9.299,54.6,54.5,92.6,True,True,False,True,0
2026-08-19 01:45,54.68,0.0,11.62,56.6,56.4,92.4,True,True,False,True,0
2026-08-19 02:00,41.99,0.0,8.923,58.6,58.0,91.9,True,True,False,True,0
2026-08-19 02:15,47.68,0.0,10.132,60.3,59.3,91.4,True,True,False,True,0
2026-08-19 02:30,43.69,0.0,9.284,61.9,61.2,91.5,True,True,False,True,0
2026-08-19 02:45,44.86,0.0,9.533,63.7,62.8,91.2,True,True,False,True,0
2026-08-19 03:00,48.32,0.0,10.268,65.5,64.1,90.8,True,True,False,True,0
2026-08-19 03:15,49.57,0.0,10.534,66.7,65.7,90.6,True,True,False,True,0
2026-08-19 03:30,48.92,0.0,10.396,68.5,67.2,90.4,True,True,False,True,0
2026-08-19 03:45,42.64,0.0,9.061,70.8,68.7,90.3,True,True,False,True,0
2026-08-19 04:00,51.15,0.0,10.869,72.2,70.5,90.1,True,True,False,True,0
2026-08-19 04:15,43.45,0.0,9.233,74.2,71.3,90.0,True,True,False,True,0
2026-08-19 04:30,42.02,0.0,8.929,76.2,73.2,89.7,True,True,False,True,0
2026-08-19 04:45,47.65,0.0,10.126,77.9,74.6,89.6,True,True,False,True,0
2026-08-19 05:00,44.54,0.0,9.465,79.9,76.1,89.5,True,True,False,True,0
2026-08-19 05:15,50.03,0.0,10.631,82.3,77.6,89.2,True,True,False,True,0
2026-08-19 05:30,46.84,0.0,9.954,84.2,79.3,88.9,True,True,False,True,0
2026-08-19 05:45,43.1,0.0,9.159,86.1,80.5,88.6,True,True,False,True,0
2026-08-19 06:00,45.98,0.67,9.628,87.9,82.1,88.1,True,True,False,True,0
2026-08-19 06:15,46.05,1.22,9.526,90.0,83.9,87.9,True,True,False,True,0
2026-08-19 06:30,54.32,4.76,10.532,91.9,85.8,87.4,True,True,False,True,0
2026-08-19 06:45,50.25,5.54,9.501,93.9,87.0,87.6,True,True,False,True,0
2026-08-19 07:00,56.42,8.7,10.14,95.5,88.4,87.1,False,True,False,True,0
2026-08-19 07:15,56.73,10.58,9.807,95.2,89.6,86.8,False,True,False,True,0
2026-08-19 07:30,44.75,12.14,6.93,94.7,90.7,86.7,False,True,False,True,0
2026-08-19 07:45,45.28,14.89,6.458,93.9,92.6,86.5,False,True,False,True,0
2026-08-19 08:00,85.93,13.87,15.313,92.2,94.4,85.4,False,True,False,True,13
2026-08-19 08:15,72.59,16.22,11.979,90.6,95.7,84.4,False,False,False,False,13
2026-08-19 08:30,83.65,18.85,13.77,89.3,93.5,82.9,False,False,False,False,10
2026-08-19 08:45,75.64,19.04,12.028,87.8,91.5,81.7,False,False,False,False,11
2026-08-19 09:00,75.5,21.79,11.413,86.4,89.6,80.8,False,False,False,False,12
2026-08-19 09:15,73.58,23.23,10.699,84.7,88.0,79.6,False,False,False,False,15
2026-08-19 09:30,74.72,26.56,10.234,83.4,86.3,78.3,False,False,False,False,20
2026-08-19 09:45,78.01,26.36,10.976,82.4,84.4,77.3,False,False,False,False,14
2026-08-19 10:00,77.52,28.52,10.412,80.4,82.5,76.1,False,False,False,False,14
2026-08-19 10:15,89.58,28.61,12.956,78.9,81.0,74.9,False,False,False,False,14
2026-08-19 10:30,71.58,28.46,9.163,77.5,79.2,73.6,False,False,False,False,12
2026-08-19 10:45,87.23,29.99,12.164,75.9,77.4,72.5,False,False,False,False,7
2026-08-19 11:00,77.81,31.3,9.883,74.8,75.4,71.5,False,False,False,False,7
2026-08-19 11:15,83.69,32.33,10.914,73.5,73.8,70.1,False,False,False,False,9
2026-08-19 11:30,85.5,31.07,11.566,72.2,72.1,68.8,False,False,False,False,17
2026-08-19 11:45,80.6,29.46,10.867,71.0,70.4,67.6,False,False,False,False,14
2026-08-19 12:00,68.54,29.44,8.309,69.7,68.7,66.4,False,False,False,False,18
2026-08-19 12:15,81.34,31.04,10.689,68.1,67.0,65.2,False,False,False,False,11
2026-08-19 12:30,71.17,28.43,9.082,66.6,65.0,64.0,False,False,False,False,17
2026-08-19 12:45,79.23,33.05,9.813,65.2,63.4,63.0,False,False,False,False,16
2026-08-19 13:00,71.88,31.14,8.657,63.9,61.8,62.1,False,False,False,False,13
2026-08-19 13:15,77.87,29.07,10.37,62.5,60.2,61.0,False,False,False,False,7
2026-08-19 13:30,74.22,27.77,9.871,61.2,58.5,60.1,False,False,False,False,10
2026-08-19 13:45,71.2,29.49,8.863,59.7,56.5,58.7,False,False,False,False,14
2026-08-19 14:00,95.0,25.94,14.675,58.1,54.7,57.8,False,False,False,False,12
2026-08-19 14:15,91.05,24.97,14.042,56.6,52.8,56.5,False,False,False,False,14
2026-08-19 14:30,93.57,24.07,14.769,55.2,50.9,55.3,False,False,False,False,10
2026-08-19 14:45,79.2,23.82,11.768,53.6,49.2,54.1,False,False,False,False,17
2026-08-19 15:00,94.18,23.02,15.122,52.0,47.8,53.1,False,False,False,False,5
2026-08-19 15:15,78.55,22.2,11.974,50.6,46.0,52.0,False,False,False,False,15
2026-08-19 15:30,55.44,20.43,7.44,49.2,44.3,51.2,False,False,False,False,9
2026-08-19 15:45,76.85,17.5,12.612,47.6,42.6,50.2,False,False,False,False,15
2026-08-19 16:00,85.0,16.97,14.456,45.9,40.9,49.1,False,False,False,False,19
2026-08-19 16:15,79.86,13.13,14.18,44.3,39.2,48.0,False,False,False,False,12
2026-08-19 16:30,74.52,9.87,13.738,42.7,37.6,47.1,False,False,False,False,10
2026-08-19 16:45,87.94,9.32,16.707,41.2,36.0,45.7,False,False,False,False,16
2026-08-19 17:00,81.37,7.19,15.763,40.0,34.3,44.8,False,False,False,False,19
2026-08-19 17:15,85.0,5.39,16.917,38.7,32.5,43.7,False,False,False,False,11
2026-08-19 17:30,71.17,2.96,14.495,37.2,30.4,42.5,False,False,False,False,14
2026-08-19 17:45,70.56,1.51,14.673,35.8,28.5,41.4,False,False,False,False,9
2026-08-19 18:00,48.67,0.74,10.185,35.4,28.5,41.4,False,False,False,False,0
2026-08-19 18:15,48.55,0.0,10.317,34.9,28.0,41.7,False,False,False,False,0
2026-08-19 18:30,45.17,0.0,9.599,34.4,27.5,41.6,False,False,False,False,0
2026-08-19 18:45,45.65,0.0,9.701,34.2,26.9,41.3,False,False,False,False,0
2026-08-19 19:00,47.38,0.0,10.068,33.8,26.5,41.2,False,False,False,False,0
2026-08-19 19:15,37.4,0.0,7.948,33.8,26.4,40.7,False,False,False,False,0
2026-08-19 19:30,48.61,0.0,10.33,33.5,25.8,41.2,False,False,False,False,0
2026-08-19 19:45,48.53,0.0,10.313,32.9,25.4,41.0,False,False,False,False,0
2026-08-19 20:00,50.69,0.0,10.772,32.8,24.6,40.4,False,False,False,False,0
2026-08-19 20:15,52.95,0.0,11.252,32.4,24.4,40.3,False,False,False,False,0
2026-08-19 20:30,34.99,0.0,7.435,32.3,23.6,40.1,False,False,False,False,0
2026-08-19 20:45,41.39,0.0,8.795,31.9,23.4,39.8,False,False,False,False,0
2026-08-19 21:00,47.98,0.0,10.196,31.1,22.5,39.6,False,False,False,False,0
2026-08-19 21:15,48.88,0.0,10.387,31.0,22.0,39.7,False,False,False,False,0
2026-08-19 21:30,48.65,0.0,10.338,30.7,21.4,39.3,False,False,False,False,0
2026-08-19 21:45,45.77,0.0,9.726,30.2,20.8,39.1,False,False,False,False,0
2026-08-19 22:00,50.45,0.0,10.721,29.7,20.2,38.9,False,False,False,False,0
2026-08-19 22:15,51.69,0.0,10.984,29.2,19.6,38.5,False,True,False,True,0
2026-08-19 22:30,52.62,0.0,11.182,28.7,21.5,38.2,False,True,False,True,0
2026-08-19 22:45,46.92,0.0,9.97,28.5,22.8,37.8,False,True,False,True,0
2026-08-19 23:00,41.74,0.0,8.87,28.1,24.4,37.6,False,True,False,True,0
2026-08-19 23:15,52.96,0.0,11.254,27.8,25.7,37.6,False,True,False,True,0
2026-08-19 23:30,54.22,0.0,11.522,27.6,27.3,37.2,False,True,False,True,0
2026-08-19 23:45,47.0,0.0,9.987,27.3,29.0,37.2,False,True,False,True,0
2026-08-20 00:00,46.71,0.0,9.926,27.1,30.6,37.1,False,True,False,True,0
2026-08-20 00:15,49.78,0.0,10.578,26.9,32.5,36.7,False,True,False,True,0
2026-08-20 00:30,52.87,0.0,11.235,26.5,34.4,36.3,False,True,False,True,0
2026-08-20 00:45,52.29,0.0,11.112,25.8,36.2,35.6,False,True,False,True,0
2026-08-20 01:00,42.13,0.0,8.953,25.7,38.2,35.7,False,True,False,True,0
2026-08-20 01:15,51.05,0.0,10.848,25.6,40.2,35.2,False,True,False,True,0
2026-08-20 01:30,49.08,0.0,10.43,25.1,41.6,34.9,False,True,False,True,0
2026-08-20 01:45,50.52,0.0,10.736,25.1,43.2,34.7,False,True,False,True,0
2026-08-20 02:00,43.77,0.0,9.301,24.9,44.8,34.5,False,True,False,True,0
2026-08-20 02:15,48.82,0.0,10.374,24.4,46.2,34.2,False,True,False,True,0
2026-08-20 02:30,50.22,0.0,10.672,24.2,47.6,33.9,False,True,False,True,0
2026-08-20 02:45,45.75,0.0,9.722,23.8,48.8,33.4,False,True,False,True,0
2026-08-20 03:00,48.85,0.0,10.381,23.2,50.1,33.0,False,True,False,True,0
2026-08-20 03:15,44.8,0.0,9.52,22.7,52.1,32.8,False,True,False,True,0
2026-08-20 03:30,53.12,0.0,11.288,22.6,53.6,32.4,False,True,False,True,0
2026-08-20 03:45,46.25,0.0,9.828,22.4,54.7,32.1,False,True,False,True,0
2026-08-20 04:00,46.16,0.0,9.809,21.7,56.4,31.2,False,True,False,True,0
2026-08-20 04:15,45.08,0.0,9.58,21.3,57.9,30.7,False,True,False,True,0
2026-08-20 04:30,53.22,0.0,11.309,21.2,58.9,30.2,False,True,False,True,0
2026-08-20 04:45,42.0,0.0,8.925,20.8,60.3,29.8,False,True,False,True,0
2026-08-20 05:00,41.67,0.0,8.855,20.3,61.8,29.6,False,True,False,True,0
2026-08-20 05:15,41.34,0.0,8.785,19.6,63.5,29.2,True,True,False,True,0
2026-08-20 05:30,47.8,0.0,10.157,21.5,64.9,28.8,True,True,False,True,0
2026-08-20 05:45,41.2,0.0,8.755,23.6,66.9,28.4,True,True,False,True,0
2026-08-20 06:00,50.16,1.66,10.306,25.8,68.4,28.2,True,True,False,True,0
2026-08-20 06:15,50.61,1.57,10.421,27.1,70.7,28.0,True,True,False,True,0
2026-08-20 06:30,45.27,4.62,8.638,28.8,72.6,27.7,True,True,False,True,0
2026-08-20 06:45,48.11,6.2,8.906,30.6,74.7,27.5,True,True,False,True,0
2026-08-20 07:00,49.16,6.76,9.01,32.3,76.7,27.3,True,True,False,True,0
2026-08-20 07:15,49.64,9.9,8.445,34.1,77.9,26.8,True,True,False,True,0
2026-08-20 07:30,46.81,12.76,7.236,35.7,79.9,26.2,True,True,False,True,0
2026-08-20 07:45,43.87,13.33,6.49,37.8,82.3,25.9,True,True,False,True,0
2026-08-20 08:00,73.86,15.36,12.431,39.5,84.5,24.8,True,True,False,True,10
2026-08-20 08:15,90.47,17.29,15.551,41.7,86.2,23.7,True,True,False,True,10
2026-08-20 08:30,87.27,21.71,13.932,43.2,87.5,22.4,True,True,False,True,21
2026-08-20 08:45,74.08,18.57,11.796,44.8,89.5,21.4,True,True,False,True,12
2026-08-20 09:00,80.73,22.88,12.293,45.9,90.9,20.2,True,True,False,True,15
2026-08-20 09:15,74.88,23.38,10.944,47.3,92.6,19.5,True,True,True,True,9
2026-08-20 09:30,84.92,24.22,12.899,49.6,94.5,21.3,True,True,True,True,11
2026-08-20 09:45,83.55,25.86,12.259,51.1,96.5,23.0,True,False,True,True,12
2026-08-20 10:00,79.84,28.08,10.999,52.9,94.9,24.9,True,False,True,True,7
2026-08-20 10:15,82.4,29.12,11.322,54.9,92.9,26.9,True,False,True,True,14
2026-08-20 10:30,84.44,29.33,11.711,56.8,91.0,28.4,True,False,True,True,18
2026-08-20 10:45,74.1,31.14,9.129,59.1,89.3,30.1,True,False,True,True,11
2026-08-20 11:00,71.16,31.95,8.332,61.6,87.6,32.3,True,False,True,True,11
2026-08-20 11:15,68.7,31.87,7.826,63.3,85.8,34.6,True,False,True,True,11
2026-08-20 11:30,89.55,30.58,12.531,65.0,83.6,36.4,True,False,True,True,13
2026-08-20 11:45,79.51,32.03,10.09,67.1,82.0,38.6,True,False,True,True,13
2026-08-20 12:00,81.07,32.1,10.406,68.7,80.0,40.6,True,False,True,True,9
2026-08-20 12:15,65.22,30.45,7.389,70.0,78.4,42.6,True,False,True,True,14
2026-08-20 12:30,88.24,29.35,12.514,71.9,76.7,44.6,True,False,True,True,15
2026-08-20 12:45,68.42,28.47,8.489,73.5,75.0,47.0,True,False,True,True,8
2026-08-20 13:00,84.1,30.51,11.388,75.2,73.2,49.0,True,False,True,True,11
2026-08-20 13:15,93.22,30.19,13.394,76.8,71.5,51.1,True,False,True,True,19
2026-08-20 13:30,78.79,27.68,10.861,78.5,69.9,53.1,True,False,True,True,6
2026-08-20 13:45,69.67,29.51,8.534,80.4,68.2,55.1,True,False,True,True,14
2026-08-20 14:00,84.15,27.46,12.047,81.9,66.5,57.4,True,False,True,True,11
2026-08-20 14:15,95.0,27.81,14.278,84.6,64.6,59.0,True,False,True,True,12
2026-08-20 14:30,80.28,25.44,11.654,85.7,62.8,61.7,True,False,True,True,12
2026-08-20 14:45,91.65,22.4,14.716,87.9,60.9,63.5,True,False,True,True,12
2026-08-20 15:00,80.41,22.82,12.238,89.6,58.9,65.7,True,False,True,True,12
2026-08-20 15:15,83.64,21.57,13.19,91.2,57.1,68.1,True,False,True,True,8
2026-08-20 15:30,68.82,18.52,10.689,92.9,55.5,70.2,True,False,True,True,9
2026-08-20 15:45,88.22,15.77,15.396,95.0,53.9,71.5,False,False,True,True,11
2026-08-20 16:00,63.27,15.87,10.073,93.6,51.8,73.4,False,False,True,True,14
2026-08-20 16:15,93.38,12.73,17.138,92.2,49.8,75.3,False,False,True,True,8
2026-08-20 16:30,85.5,13.4,15.321,90.8,47.8,77.5,False,False,True,True,11
2026-08-20 16:45,58.32,9.64,10.344,89.6,45.8,79.7,False,False,True,True,16
2026-08-20 17:00,73.07,10.22,13.356,87.9,44.0,82.0,False,False,True,True,12
2026-08-20 17:15,75.95,3.6,15.374,86.4,42.2,84.0,False,False,True,True,12
2026-08-20 17:30,77.28,4.27,15.515,84.9,40.4,86.4,False,False,True,True,19
2026-08-20 17:45,82.68,3.78,16.766,83.2,38.2,88.4,False,False,True,True,13
2026-08-20 18:00,39.58,0.0,8.411,82.7,37.6,90.7,False,False,True,True,0
2026-08-20 18:15,48.99,0.0,10.41,82.3,36.8,92.9,False,False,True,True,0
2026-08-20 18:30,46.27,0.0,9.832,81.9,36.4,95.0,False,False,True,True,0
2026-08-20 18:45,44.16,0.0,9.384,81.6,35.6,97.4,False,False,False,False,0
2026-08-20 19:00,44.2,0.0,9.392,81.1,35.1,96.9,False,False,False,False,0
2026-08-20 19:15,54.09,0.0,11.494,80.5,34.8,96.6,False,False,False,False,0
2026-08-20 19:30,49.17,0.0,10.449,80.2,34.1,96.4,False,False,False,False,0
2026-08-20 19:45,45.74,0.0,9.72,79.7,33.8,96.1,False,False,False,False,0
2026-08-20 20:00,49.39,0.0,10.495,79.2,33.4,95.7,False,False,False,False,0
2026-08-20 20:15,45.51,0.0,9.671,79.1,32.8,95.7,False,False,False,False,0
2026-08-20 20:30,47.86,0.0,10.17,79.0,32.2,95.6,False,False,False,False,0
2026-08-20 20:45,47.2,0.0,10.03,78.4,31.9,95.3,False,False,False,False,0
2026-08-20 21:00,47.97,0.0,10.194,78.1,31.4,95.1,False,False,False,False,0
2026-08-20 21:15,54.03,0.0,11.481,77.9,30.7,94.6,False,False,False,False,0
2026-08-20 21:30,45.3,0.0,9.626,77.3,30.4,94.1,False,False,False,False,0
2026-08-20 21:45,52.51,0.0,11.158,77.2,30.4,93.8,False,False,False,False,0
2026-08-20 22:00,52.28,0.0,11.11,76.6,29.8,93.6,False,False,False,False,0
2026-08-20 22:15,35.12,0.0,7.463,76.1,29.4,93.6,False,False,False,False,0
2026-08-20 22:30,52.81,0.0,11.222,75.7,29.0,93.6,False,False,False,False,0
2026-08-20 22:45,33.24,0.0,7.064,75.5,28.4,93.1,False,False,False,False,0
2026-08-20 23:00,45.13,0.0,9.59,75.0,28.1,92.7,False,False,False,False,0
2026-08-20 23:15,50.85,0.0,10.806,74.8,27.7,92.1,False,False,False,False,0
2026-08-20 23:30,45.93,0.0,9.76,74.3,27.0,91.8,False,False,False,False,0
2026-08-20 23:45,40.64,0.0,8.636,73.9,26.4,91.3,False,False,False,False,0
2026-08-21 00:00,43.05,0.0,9.148,73.5,26.0,90.8,False,False,False,False,0
2026-08-21 00:15,53.17,0.0,11.299,73.3,25.7,90.5,False,False,False,False,0
2026-08-21 00:30,40.07,0.0,8.515,73.2,25.4,90.0,False,False,False,False,0
2026-08-21 00:45,48.79,0.0,10.368,72.9,24.8,90.1,False,False,False,False,0
2026-08-21 01:00,46.29,0.0,9.837,72.4,24.2,90.3,False,False,False,False,0
2026-08-21 01:15,40.19,0.0,8.54,72.1,24.0,89.8,False,False,False,False,0
2026-08-21 01:30,46.16,0.0,9.809,72.1,23.5,89.7,False,False,False,False,0
2026-08-21 01:45,44.94,0.0,9.55,71.6,23.5,89.1,False,False,False,False,0
2026-08-21 02:00,51.98,0.0,11.046,71.3,22.9,88.5,False,False,False,False,0
2026-08-21 02:15,49.35,0.0,10.487,70.9,22.4,88.3,False,False,False,False,0
2026-08-21 02:30,41.62,0.0,8.844,70.5,22.1,88.3,False,False,False,False,0
2026-08-21 02:45,45.45,0.0,9.658,70.4,21.4,88.0,False,False,False,False,0
2026-08-21 03:00,42.27,0.0,8.982,70.2,20.9,87.4,False,False,False,False,0
2026-08-21 03:15,54.66,0.0,11.615,69.9,20.5,87.1,False,False,False,False,0
2026-08-21 03:30,44.24,0.0,9.401,69.4,20.1,86.5,False,False,False,False,0
2026-08-21 03:45,56.31,0.0,11.966,69.0,19.8,86.2,False,True,False,True,0
2026-08-21 04:00,46.65,0.0,9.913,68.6,21.6,85.9,False,True,False,True,0
2026-08-21 04:15,45.71,0.0,9.713,67.8,23.4,85.8,False,True,False,True,0
2026-08-21 04:30,44.3,0.0,9.414,67.4,24.9,85.7,False,True,False,True,0
2026-08-21 04:45,46.1,0.0,9.796,67.2,26.1,85.5,False,True,False,True,0
2026-08-21 05:00,41.88,0.0,8.9,66.8,27.6,85.2,False,True,False,True,0
2026-08-21 05:15,47.93,0.0,10.185,66.9,29.3,84.8,False,True,False,True,0
2026-08-21 05:30,38.25,0.0,8.128,66.6,30.7,84.9,False,True,False,True,0
2026-08-21 05:45,38.67,0.0,8.217,66.3,32.1,84.3,False,True,False,True,0
2026-08-21 06:00,46.66,1.58,9.58,66.2,33.6,84.1,False,True,False,True,0
2026-08-21 06:15,39.97,2.87,7.884,66.2,35.3,83.8,False,True,False,True,0
2026-08-21 06:30,48.5,3.1,9.647,65.7,37.1,83.4,False,True,False,True,0
2026-08-21 06:45,42.04,4.92,7.888,65.4,39.0,83.4,False,True,False,True,0
2026-08-21 07:00,43.39,7.76,7.571,65.1,40.0,83.2,False,True,False,True,0
2026-08-21 07:15,54.19,10.2,9.348,64.7,41.9,82.9,False,True,False,True,0
2026-08-21 07:30,47.1,9.93,7.899,64.2,43.6,82.8,False,True,False,True,0
2026-08-21 07:45,51.04,14.53,7.758,63.7,45.1,82.1,False,True,False,True,0
2026-08-21 08:00,65.28,17.29,10.198,62.4,46.9,81.1,False,True,False,True,14
2026-08-21 08:15,71.7,18.19,11.371,60.9,47.9,80.1,False,True,False,True,11
2026-08-21 08:30,69.56,18.36,10.88,59.1,48.9,79.0,False,True,False,True,11
2026-08-21 08:45,70.76,19.82,10.825,57.6,51.1,77.8,False,True,False,True,7
2026-08-21 09:00,69.53,22.63,9.966,56.2,52.3,76.8,False,True,False,True,7
2026-08-21 09:15,68.06,23.5,9.469,54.6,54.0,75.5,False,True,False,True,9
2026-08-21 09:30,87.26,25.52,13.12,53.0,55.2,74.4,False,True,False,True,7
2026-08-21 09:45,80.48,26.91,11.384,51.2,56.7,73.3,False,True,False,True,12
2026-08-21 10:00,81.97,28.59,11.343,49.8,57.9,72.1,False,True,False,True,13
2026-08-21 10:15,70.42,26.89,9.25,48.3,59.8,70.8,False,True,False,True,13
2026-08-21 10:30,68.16,29.37,8.243,46.7,60.8,69.9,False,True,False,True,13
2026-08-21 10:45,71.08,29.39,8.859,45.1,62.4,68.6,False,True,False,True,11
2026-08-21 11:00,76.76,30.31,9.871,43.8,63.7,67.1,False,True,False,True,16
2026-08-21 11:15,88.02,31.93,11.919,42.1,64.9,65.6,False,True,False,True,8
2026-08-21 11:30,87.27,32.4,11.66,41.0,66.7,64.3,False,True,False,True,12
2026-08-21 11:45,84.06,33.11,10.827,39.6,68.1,63.6,False,True,False,True,14
2026-08-21 12:00,73.12,32.01,8.736,38.1,69.6,62.7,False,True,False,True,17
2026-08-21 12:15,83.36,31.3,11.063,36.9,71.3,61.4,False,True,False,True,15
2026-08-21 12:30,76.81,30.93,9.75,35.4,72.9,60.5,False,True,False,True,11
2026-08-21 12:45,77.36,28.81,10.317,34.0,74.7,59.3,False,True,False,True,12
2026-08-21 13:00,94.68,32.03,13.313,32.7,76.6,58.3,False,True,False,True,8
2026-08-21 13:15,74.45,29.44,9.565,31.3,78.3,57.1,False,True,False,True,9
2026-08-21 13:30,73.0,29.71,9.199,29.5,79.8,55.8,False,True,False,True,5
2026-08-21 13:45,91.56,29.07,13.279,28.0,81.3,54.6,False,True,False,True,12
2026-08-21 14:00,62.17,25.79,7.731,27.0,82.8,53.3,False,True,False,True,12
2026-08-21 14:15,76.36,25.08,10.897,25.5,84.7,52.3,False,True,False,True,14
2026-08-21 14:30,82.6,26.85,11.847,24.0,86.0,51.0,False,True,False,True,10
2026-08-21 14:45,80.39,24.03,11.976,22.7,87.7,50.1,False,True,False,True,14
2026-08-21 15:00,69.51,21.58,10.185,21.3,89.5,49.2,False,True,False,True,15
2026-08-21 15:15,81.93,20.62,13.028,20.0,90.9,48.0,False,True,False,True,13
2026-08-21 15:30,84.79,20.48,13.666,18.5,92.0,46.7,True,True,False,True,7
2026-08-21 15:45,82.55,18.62,13.585,20.1,93.8,45.6,True,True,False,True,20
2026-08-21 16:00,70.76,13.99,12.064,21.8,95.4,44.4,True,False,False,True,12
2026-08-21 16:15,79.45,15.89,13.506,23.3,93.7,43.3,True,False,False,True,10
2026-08-21 16:30,74.5,13.21,13.024,25.6,92.0,42.2,True,False,False,True,13
2026-08-21 16:45,74.6,9.94,13.74,26.6,90.2,41.1,True,False,False,True,12
2026-08-21 17:00,91.85,6.72,18.09,28.3,88.4,39.9,True,False,False,True,10
2026-08-21 17:15,75.23,7.41,14.412,29.2,86.6,39.0,True,False,False,True,3
2026-08-21 17:30,73.25,4.68,14.571,31.1,85.0,37.6,True,False,False,True,15
2026-08-21 17:45,83.44,0.31,17.665,32.6,83.1,36.7,True,False,False,True,9
2026-08-21 18:00,44.86,0.0,9.533,34.5,82.6,36.4,True,False,False,True,0
2026-08-21 18:15,51.83,0.0,11.014,36.0,82.3,36.3,True,False,False,True,0
2026-08-21 18:30,48.97,0.0,10.406,38.4,82.2,35.7,True,False,False,True,0
2026-08-21 18:45,49.0,0.0,10.412,40.7,81.6,35.6,True,False,False,True,0
2026-08-21 19:00,50.27,0.0,10.682,42.2,81.0,35.4,True,False,False,True,0
2026-08-21 19:15,48.08,0.0,10.217,44.4,80.4,35.5,True,False,False,True,0
2026-08-21 19:30,44.79,0.0,9.518,46.4,80.1,35.3,True,False,False,True,0
2026-08-21 19:45,52.98,0.0,11.258,48.3,79.4,34.9,True,False,False,True,0
2026-08-21 20:00,46.46,0.0,9.873,49.8,78.9,34.5,True,False,False,True,0
2026-08-21 20:15,43.43,0.0,9.229,51.5,78.5,34.3,True,False,False,True,0
2026-08-21 20:30,48.58,0.0,10.323,53.4,78.2,33.9,True,False,False,True,0
2026-08-21 20:45,49.97,0.0,10.619,55.6,77.4,33.5,True,False,False,True,0
2026-08-21 21:00,45.22,0.0,9.609,57.1,77.0,33.1,True,False,False,True,0
2026-08-21 21:15,52.41,0.0,11.137,59.0,76.5,32.3,True,False,False,True,0
2026-08-21 21:30,48.73,0.0,10.355,60.4,76.3,32.0,True,False,False,True,0
2026-08-21 21:45,40.67,0.0,8.642,62.4,75.7,31.8,True,False,False,True,0
2026-08-21 22:00,53.25,0.0,11.316,64.4,75.3,31.6,True,False,False,True,0
2026-08-21 22:15,50.38,0.0,10.706,66.3,74.5,31.1,True,False,False,True,0
2026-08-21 22:30,45.4,0.0,9.647,68.2,74.1,31.2,True,False,False,True,0
2026-08-21 22:45,54.03,0.0,11.481,69.8,73.5,30.9,True,False,False,True,0
2026-08-21 23:00,50.15,0.0,10.657,71.8,73.2,30.6,True,False,False,True,0
2026-08-21 23:15,50.08,0.0,10.642,73.7,73.1,30.6,True,False,False,True,0
2026-08-21 23:30,54.18,0.0,11.513,75.3,72.8,30.3,True,False,False,True,0
2026-08-21 23:45,46.42,0.0,9.864,76.9,72.5,30.6,True,False,False,True,0
2026-08-22 00:00,52.99,0.0,11.26,79.1,72.3,30.4,True,False,False,True,0
2026-08-22 00:15,43.2,0.0,9.18,80.7,72.1,30.3,True,False,False,True,0
2026-08-22 00:30,50.2,0.0,10.668,82.7,71.9,29.9,True,False,False,True,0
2026-08-22 00:45,50.6,0.0,10.752,84.3,71.4,29.6,True,False,False,True,0
2026-08-22 01:00,48.59,0.0,10.325,85.9,70.8,29.3,True,False,False,True,0
2026-08-22 01:15,44.46,0.0,9.448,87.9,70.5,28.9,True,False,False,True,0
2026-08-22 01:30,48.15,0.0,10.232,90.3,69.8,28.2,True,False,False,True,0
2026-08-22 01:45,47.25,0.0,10.041,92.1,69.3,28.0,True,False,False,True,0
2026-08-22 02:00,40.43,0.0,8.591,93.9,68.8,27.7,True,False,False,True,0
2026-08-22 02:15,46.41,0.0,9.862,95.9,68.4,27.5,False,False,False,False,0
2026-08-22 02:30,49.82,0.0,10.587,95.7,67.6,27.1,False,False,False,False,0
2026-08-22 02:45,38.79,0.0,8.243,95.3,67.0,26.6,False,False,False,False,0
2026-08-22 03:00,48.15,0.0,10.232,95.1,66.3,26.3,False,False,False,False,0
2026-08-22 03:15,45.38,0.0,9.643,95.0,65.3,26.0,False,False,False,False,0
2026-08-22 03:30,52.32,0.0,11.118,94.3,64.9,25.5,False,False,False,False,0
2026-08-22 03:45,42.93,0.0,9.123,94.0,64.5,25.1,False,False,False,False,0
2026-08-22 04:00,50.32,0.0,10.693,93.8,64.0,25.0,False,False,False,False,0
2026-08-22 04:15,45.6,0.0,9.69,93.5,63.7,25.0,False,False,False,False,0
2026-08-22 04:30,50.8,0.0,10.795,93.4,63.4,24.6,False,False,False,False,0
2026-08-22 04:45,48.55,0.0,10.317,93.1,63.2,24.2,False,False,False,False,0
2026-08-22 05:00,45.0,0.0,9.562,93.2,62.4,24.0,False,False,False,False,0
2026-08-22 05:15,50.19,0.0,10.665,92.8,61.8,23.9,False,False,False,False,0
2026-08-22 05:30,46.91,0.0,9.968,92.8,61.5,23.8,False,False,False,False,0
2026-08-22 05:45,47.44,0.0,10.081,92.8,61.2,23.7,False,False,False,False,0
2026-08-22 06:00,52.82,0.0,11.224,92.2,60.6,23.4,False,False,False,False,0
2026-08-22 06:15,52.58,4.44,10.23,91.7,60.0,23.0,False,False,False,False,0
2026-08-22 06:30,55.37,4.12,10.891,91.6,59.6,22.4,False,False,False,False,0
2026-08-22 06:45,42.19,7.01,7.476,91.0,59.0,22.2,False,False,False,False,0
2026-08-22 07:00,39.76,7.51,6.853,90.6,58.7,22.0,False,False,False,False,0
2026-08-22 07:15,45.74,10.95,7.393,90.3,58.0,21.7,False,False,False,False,0
2026-08-22 07:30,48.12,10.31,8.035,89.9,57.5,21.1,False,False,False,False,0
2026-08-22 07:45,50.78,13.38,7.948,89.8,57.1,20.5,False,False,False,False,0
2026-08-22 08:00,90.88,14.3,16.273,88.4,55.6,19.6,False,False,True,True,17
2026-08-22 08:15,82.9,16.77,14.053,86.5,53.8,21.6,False,False,True,True,8
2026-08-22 08:30,87.85,20.68,14.274,85.1,52.0,23.9,False,False,True,True,14
2026-08-22 08:45,68.72,20.03,10.347,83.8,49.8,25.2,False,False,True,True,15
2026-08-22 09:00,95.0,23.14,15.27,82.3,48.2,27.0,False,False,True,True,19
2026-08-22 09:15,95.0,25.5,14.769,80.8,46.4,28.6,False,False,True,True,12
2026-08-22 09:30,78.76,24.96,11.433,79.5,44.9,30.1,False,False,True,True,16
2026-08-22 09:45,77.65,27.38,10.682,78.2,43.0,32.3,False,False,True,True,11
2026-08-22 10:00,79.83,27.92,11.031,77.0,41.3,34.9,False,False,True,True,10
2026-08-22 10:15,61.06,28.39,6.942,75.2,39.7,37.0,False,False,True,True,9
2026-08-22 10:30,82.49,30.0,11.154,73.6,38.0,38.7,False,False,True,True,10
2026-08-22 10:45,68.95,32.04,7.843,72.4,36.3,40.9,False,False,True,True,15
2026-08-22 11:00,76.81,29.66,10.019,71.0,34.8,43.0,False,False,True,True,15
2026-08-22 11:15,83.24,29.74,11.369,69.2,33.0,44.8,False,False,True,True,6
2026-08-22 11:30,79.24,30.01,10.461,67.7,31.3,46.8,False,False,True,True,12
2026-08-22 11:45,76.22,32.63,9.263,66.3,29.7,49.1,False,False,True,True,13
2026-08-22 12:00,77.64,32.86,9.516,64.8,27.9,50.8,False,False,True,True,10
2026-08-22 12:15,92.53,30.79,13.12,63.5,26.5,52.4,False,False,True,True,7
2026-08-22 12:30,93.55,28.67,13.787,62.0,24.7,54.3,False,False,True,True,9
2026-08-22 12:45,82.35,30.09,11.105,60.8,23.1,55.8,False,False,True,True,12
2026-08-22 13:00,81.95,31.08,10.81,59.3,21.5,58.0,False,False,True,True,10
2026-08-22 13:15,85.13,29.75,11.768,57.6,19.3,60.3,False,True,True,True,14
2026-08-22 13:30,86.54,29.32,12.159,56.1,21.1,62.1,False,True,True,True,10
2026-08-22 13:45,68.56,27.62,8.7,54.6,22.4,63.7,False,True,True,True,13
2026-08-22 14:00,71.55,28.5,9.148,53.3,23.5,65.5,False,True,True,True,13
2026-08-22 14:15,66.2,26.6,8.415,51.8,24.9,67.3,False,True,True,True,10
2026-08-22 14:30,88.09,25.69,13.26,50.5,26.9,69.3,False,True,True,True,15
2026-08-22 14:45,89.31,23.87,13.906,49.6,27.8,71.6,False,True,True,True,12
2026-08-22 15:00,80.42,22.9,12.223,48.1,29.5,73.2,False,True,True,True,14
2026-08-22 15:15,65.34,21.32,9.354,46.6,30.8,75.4,False,True,True,True,11
2026-08-22 15:30,75.64,18.06,12.236,45.2,32.4,77.3,False,True,True,True,8
2026-08-22 15:45,70.01,17.95,11.063,43.9,34.7,79.4,False,True,True,True,14
2026-08-22 16:00,76.99,16.7,12.812,42.5,36.6,81.3,False,True,True,True,12
2026-08-22 16:15,85.93,15.32,15.005,40.9,38.3,83.3,False,True,True,True,9
2026-08-22 16:30,77.17,12.55,13.732,39.2,39.8,84.9,False,True,True,True,19
2026-08-22 16:45,77.22,8.97,14.503,37.6,41.6,86.8,False,True,True,True,11
2026-08-22 17:00,79.54,7.18,15.377,36.0,42.9,88.9,False,True,True,True,11
2026-08-22 17:15,83.99,5.62,16.654,34.7,44.2,90.4,False,True,True,True,11
2026-08-22 17:30,76.75,4.34,15.387,33.4,45.8,92.0,False,True,True,True,18
2026-08-22 17:45,70.36,1.91,14.546,32.5,48.0,93.9,False,True,True,True,18
2026-08-22 18:00,42.49,0.0,9.029,32.1,49.6,95.8,False,True,False,True,0
2026-08-22 18:15,51.05,0.0,10.848,31.7,51.6,95.2,False,True,False,True,0
2026-08-22 18:30,50.04,0.0,10.634,31.0,53.0,95.1,False,True,False,True,0
2026-08-22 18:45,53.01,0.0,11.265,31.3,54.6,94.4,False,True,False,True,0
2026-08-22 19:00,52.76,0.0,11.212,31.0,55.8,94.1,False,True,False,True,0
2026-08-22 19:15,47.89,0.0,10.177,30.9,57.4,93.6,False,True,False,True,0
2026-08-22 19:30,47.6,0.0,10.115,30.6,58.8,93.2,False,True,False,True,0
2026-08-22 19:45,49.65,0.0,10.551,30.4,60.7,92.9,False,True,False,True,0
2026-08-22 20:00,51.83,0.0,11.014,29.6,62.5,92.5,False,True,False,True,0
2026-08-22 20:15,44.81,0.0,9.522,28.9,64.3,92.2,False,True,False,True,0
2026-08-22 20:30,40.3,0.0,8.564,28.5,66.3,91.8,False,True,False,True,0
2026-08-22 20:45,56.23,0.0,11.949,28.1,67.7,91.6,False,True,False,True,0
2026-08-22 21:00,46.82,0.0,9.949,28.3,68.6,91.7,False,True,False,True,0
2026-08-22 21:15,39.06,0.0,8.3,27.9,69.7,91.6,False,True,False,True,0
2026-08-22 21:30,43.1,0.0,9.159,27.6,71.3,91.2,False,True,False,True,0
2026-08-22 21:45,50.37,0.0,10.704,27.1,72.5,91.0,False,True,False,True,0
2026-08-22 22:00,44.42,0.0,9.439,26.9,73.8,90.6,False,True,False,True,0
2026-08-22 22:15,45.85,0.0,9.743,26.8,75.2,90.1,False,True,False,True,0
2026-08-22 22:30,53.27,0.0,11.32,26.2,76.8,89.8,False,True,False,True,0
2026-08-22 22:45,42.24,0.0,8.976,26.0,77.5,89.5,False,True,False,True,0
2026-08-22 23:00,46.55,0.0,9.892,25.6,79.3,89.5,False,True,False,True,0
2026-08-22 23:15,48.73,0.0,10.355,25.1,81.0,89.2,False,True,False,True,0
2026-08-22 23:30,51.69,0.0,10.984,24.3,82.6,89.0,False,True,False,True,0
2026-08-22 23:45,49.6,0.0,10.54,24.0,84.1,88.4,False,True,False,True,0
2026-08-23 00:00,51.6,0.0,10.965,23.5,86.2,88.0,False,True,False,True,0
2026-08-23 00:15,47.67,0.0,10.13,23.0,87.8,87.5,False,True,False,True,0
2026-08-23 00:30,49.94,0.0,10.612,22.4,88.6,86.5,False,True,False,True,0
2026-08-23 00:45,48.39,0.0,10.283,22.2,90.5,86.2,False,True,False,True,0
2026-08-23 01:00,47.43,0.0,10.079,21.8,91.7,86.1,False,True,False,True,0
2026-08-23 01:15,49.47,0.0,10.512,21.2,93.3,85.7,False,True,False,True,0
2026-08-23 01:30,47.23,0.0,10.036,21.1,95.4,85.3,False,False,False,False,0
2026-08-23 01:45,52.61,0.0,11.18,20.6,95.1,84.8,False,False,False,False,0
2026-08-23 02:00,49.06,0.0,10.425,21.0,94.8,84.5,False,False,False,False,0
2026-08-23 02:15,49.88,0.0,10.6,20.6,94.2,84.4,False,False,False,False,0
2026-08-23 02:30,44.89,0.0,9.539,20.3,93.9,83.9,False,False,False,False,0
2026-08-23 02:45,51.31,0.0,10.903,19.9,93.3,83.6,True,False,False,True,0
2026-08-23 03:00,45.58,0.0,9.686,21.8,93.0,83.2,True,False,False,True,0
2026-08-23 03:15,45.82,0.0,9.737,23.5,92.7,82.8,True,False,False,True,0
2026-08-23 03:30,55.59,0.0,11.813,25.6,92.3,82.7,True,False,False,True,0
2026-08-23 03:45,43.14,0.0,9.167,27.2,91.9,82.7,True,False,False,True,0
2026-08-23 04:00,46.92,0.0,9.97,28.7,91.4,82.5,True,False,False,True,0
2026-08-23 04:15,53.52,0.0,11.373,30.0,90.8,82.5,True,False,False,True,0
2026-08-23 04:30,48.38,0.0,10.281,31.8,90.1,82.3,True,False,False,True,0
2026-08-23 04:45,56.39,0.0,11.983,34.3,89.9,82.1,True,False,False,True,0
2026-08-23 05:00,45.71,0.0,9.713,36.3,89.6,81.6,True,False,False,True,0
2026-08-23 05:15,48.1,0.0,10.221,38.1,89.1,81.3,True,False,False,True,0
2026-08-23 05:30,48.11,0.0,10.223,39.3,88.5,81.1,True,False,False,True,0
2026-08-23 05:45,45.12,0.0,9.588,41.4,87.9,81.0,True,False,False,True,0
2026-08-23 06:00,46.35,0.0,9.849,43.7,87.7,80.7,True,False,False,True,0
2026-08-23 06:15,52.98,0.46,11.16,45.3,86.9,80.5,True,False,False,True,0
2026-08-23 06:30,48.84,4.7,9.38,46.8,86.5,80.0,True,False,False,True,0
2026-08-23 06:45,57.11,5.9,10.882,48.1,85.6,79.8,True,False,False,True,0
2026-08-23 07:00,46.57,6.7,8.472,49.4,85.3,79.2,True,False,False,True,0
2026-08-23 07:15,48.36,10.73,7.996,51.3,85.0,78.7,True,False,False,True,0
2026-08-23 07:30,60.98,13.77,10.032,53.4,84.2,78.5,True,False,False,True,0
2026-08-23 07:45,48.53,11.98,7.767,55.3,83.9,78.4,True,False,False,True,0
2026-08-23 08:00,74.14,16.98,12.146,57.6,82.1,77.5,True,False,False,True,7
2026-08-23 08:15,58.85,14.46,9.433,59.4,80.1,76.6,True,False,False,True,9
2026-08-23 08:30,75.38,18.7,12.044,61.1,78.3,75.3,True,False,False,True,12
2026-08-23 08:45,82.56,22.98,12.661,62.7,76.1,74.2,True,False,False,True,10
2026-08-23 09:00,84.32,21.88,13.268,64.5,74.5,72.8,True,False,False,True,10
2026-08-23 09:15,67.31,23.79,9.248,67.0,72.7,71.8,True,False,False,True,13
2026-08-23 09:30,87.88,25.91,13.169,69.0,71.0,70.8,True,False,False,True,14
2026-08-23 09:45,88.67,24.13,13.715,71.0,69.1,70.0,True,False,False,True,13
2026-08-23 10:00,85.38,27.37,12.327,73.3,67.2,68.9,True,False,False,True,13
2026-08-23 10:15,75.33,28.33,9.987,74.8,65.3,67.9,True,False,False,True,6
2026-08-23 10:30,87.99,31.34,12.038,77.3,63.8,66.9,True,False,False,True,9
2026-08-23 10:45,72.11,28.35,9.299,78.8,61.9,65.8,True,False,False,True,14
2026-08-23 11:00,86.32,29.97,11.974,80.9,60.4,64.6,True,False,False,True,6
2026-08-23 11:15,71.36,29.78,8.836,83.1,58.8,63.6,True,False,False,True,15
2026-08-23 11:30,71.15,29.99,8.747,85.0,57.1,62.3,True,False,False,True,9
2026-08-23 11:45,69.16,32.79,7.729,87.0,55.3,61.4,True,False,False,True,21
2026-08-23 12:00,77.95,31.53,9.864,88.6,53.5,59.9,True,False,False,True,13
2026-08-23 12:15,70.45,30.77,8.432,90.3,51.8,58.9,True,False,False,True,13
2026-08-23 12:30,87.84,30.61,12.161,92.2,50.1,57.4,True,False,False,True,9
2026-08-23 12:45,69.88,30.22,8.428,93.9,48.0,56.1,True,False,False,True,9
2026-08-23 13:00,67.53,29.86,8.005,95.6,46.3,55.0,False,False,False,False,10
2026-08-23 13:15,94.6,28.31,14.087,94.1,44.5,53.8,False,False,False,False,9
2026-08-23 13:30,95.0,28.79,14.07,92.6,42.8,52.6,False,False,False,False,16
2026-08-23 13:45,65.82,27.82,8.075,91.1,40.6,51.6,False,False,False,False,12
2026-08-23 14:00,77.03,26.37,10.765,89.9,39.0,50.2,False,False,False,False,11
2026-08-23 14:15,84.67,26.38,12.387,88.5,37.3,48.8,False,False,False,False,11
2026-08-23 14:30,79.53,25.28,11.528,87.2,35.6,47.8,False,False,False,False,17
2026-08-23 14:45,76.73,23.01,11.416,85.7,33.9,46.7,False,False,False,False,10
2026-08-23 15:00,86.47,22.1,13.679,84.1,32.0,45.5,False,False,False,False,15
2026-08-23 15:15,70.02,23.36,9.915,82.6,30.3,44.2,False,False,False,False,9
2026-08-23 15:30,81.56,21.72,12.716,81.1,28.5,42.9,False,False,False,False,15
2026-08-23 15:45,80.08,16.24,13.566,79.6,26.3,41.8,False,False,False,False,8
2026-08-23 16:00,80.01,14.65,13.889,78.2,24.8,40.5,False,False,False,False,8
2026-08-23 16:15,79.3,12.66,14.161,76.5,23.2,38.9,False,False,False,False,10
2026-08-23 16:30,82.92,13.32,14.79,74.8,21.6,37.4,False,False,False,False,7
2026-08-23 16:45,78.75,9.65,14.684,73.5,19.9,36.4,False,True,False,True,15
2026-08-23 17:00,81.15,8.44,15.451,72.1,21.3,35.5,False,True,False,True,8
2026-08-23 17:15,86.55,8.54,16.577,70.6,23.0,34.2,False,True,False,True,7
2026-08-23 17:30,65.72,4.1,13.094,69.1,23.6,33.3,False,True,False,True,11
2026-08-23 17:45,74.46,2.91,15.204,67.6,25.4,32.3,False,True,False,True,17
2026-08-23 18:00,40.75,0.62,8.528,67.5,26.8,31.9,False,True,False,True,0
2026-08-23 18:15,45.18,0.0,9.601,66.9,28.4,31.7,False,True,False,True,0
2026-08-23 18:30,48.71,0.0,10.351,66.4,29.3,31.2,False,True,False,True,0
2026-08-23 18:45,46.21,0.0,9.82,66.1,31.2,31.0,False,True,False,True,0
2026-08-23 19:00,55.22,0.0,11.734,65.9,32.1,30.7,False,True,False,True,0
2026-08-23 19:15,52.75,0.0,11.209,65.7,33.3,30.8,False,True,False,True,0
2026-08-23 19:30,48.05,0.0,10.211,65.7,34.9,30.5,False,True,False,True,0
2026-08-23 19:45,47.56,0.0,10.106,65.3,36.1,30.1,False,True,False,True,0
2026-08-23 20:00,43.96,0.0,9.342,64.6,37.4,29.7,False,True,False,True,0
2026-08-23 20:15,48.78,0.0,10.366,64.1,39.5,29.7,False,True,False,True,0
2026-08-23 20:30,47.9,0.0,10.179,63.7,41.2,29.2,False,True,False,True,0
2026-08-23 20:45,37.24,0.0,7.914,63.1,42.6,28.8,False,True,False,True,0
2026-08-23 21:00,47.0,0.0,9.987,62.7,44.0,28.4,False,True,False,True,0
2026-08-23 21:15,48.73,0.0,10.355,62.7,45.7,28.3,False,True,False,True,0
2026-08-23 21:30,48.49,0.0,10.304,62.7,47.4,28.1,False,True,False,True,0
2026-08-23 21:45,44.35,0.0,9.424,62.1,48.9,27.6,False,True,False,True,0
2026-08-23 22:00,41.46,0.0,8.81,62.0,49.8,27.2,False,True,False,True,0
2026-08-23 22:15,44.21,0.0,9.395,61.5,51.1,27.1,False,True,False,True,0
2026-08-23 22:30,52.47,0.0,11.15,61.1,51.8,26.8,False,True,False,True,0
2026-08-23 22:45,48.23,0.0,10.249,60.7,53.0,26.7,False,True,False,True,0
2026-08-23 23:00,55.18,0.0,11.726,60.3,54.7,26.4,False,True,False,True,0
2026-08-23 23:15,44.95,0.0,9.552,59.7,56.6,26.0,False,True,False,True,0
2026-08-23 23:30,45.81,0.0,9.735,59.3,58.5,26.0,False,True,False,True,0
2026-08-23 23:45,51.0,0.0,10.838,59.0,60.2,26.0,False,True,False,True,0
2026-08-24 00:00,48.8,0.0,10.37,58.4,62.0,26.1,False,True,False,True,0
2026-08-24 00:15,49.45,0.0,10.508,57.8,63.0,25.5,False,True,False,True,0
2026-08-24 00:30,51.31,0.0,10.903,57.4,64.7,25.2,False,True,False,True,0
2026-08-24 00:45,52.84,0.0,11.228,57.2,65.7,24.6,False,True,False,True,0
2026-08-24 01:00,52.63,0.0,11.184,57.2,66.9,24.1,False,True,False,True,0
2026-08-24 01:15,56.43,0.0,11.991,56.7,68.5,23.9,False,True,False,True,0
2026-08-24 01:30,47.69,0.0,10.134,56.5,70.7,23.7,False,True,False,True,0
2026-08-24 01:45,47.79,0.0,10.155,56.2,72.0,23.5,False,True,False,True,0
2026-08-24 02:00,51.5,0.0,10.944,55.8,73.3,23.6,False,True,False,True,0
2026-08-24 02:15,46.38,0.0,9.856,55.3,75.0,23.2,False,True,False,True,0
2026-08-24 02:30,46.93,0.0,9.973,54.6,76.7,22.8,False,True,False,True,0
2026-08-24 02:45,43.04,0.0,9.146,54.2,77.9,22.4,False,True,False,True,0
2026-08-24 03:00,46.23,0.0,9.824,54.1,79.5,22.2,False,True,False,True,0
2026-08-24 03:15,45.35,0.0,9.637,53.6,80.8,22.2,False,True,False,True,0
2026-08-24 03:30,48.36,0.0,10.276,52.9,82.6,21.9,False,True,False,True,0
2026-08-24 03:45,43.12,0.0,9.163,52.5,84.3,21.5,False,True,False,True,0
2026-08-24 04:00,44.32,0.0,9.418,52.5,85.8,20.9,False,True,False,True,0
2026-08-24 04:15,49.23,0.0,10.461,52.3,87.4,20.8,False,True,False,True,0
2026-08-24 04:30,48.46,0.0,10.298,51.9,89.0,20.2,False,True,False,True,0
2026-08-24 04:45,50.18,0.0,10.663,51.1,90.3,20.1,False,True,False,True,0
2026-08-24 05:00,56.56,0.0,12.019,50.6,92.4,19.9,False,True,True,True,0
2026-08-24 05:15,48.37,0.0,10.279,50.0,94.6,22.5,False,True,True,True,0
2026-08-24 05:30,50.22,0.0,10.672,49.6,96.4,24.8,False,False,True,True,0
2026-08-24 05:45,42.4,0.0,9.01,49.6,96.2,27.2,False,False,True,True,0
2026-08-24 06:00,48.17,0.0,10.236,49.2,95.4,28.7,False,False,True,True,0
2026-08-24 06:15,51.51,3.07,10.294,48.9,95.3,31.1,False,False,True,True,0
2026-08-24 06:30,43.14,1.88,8.768,49.0,94.7,32.6,False,False,True,True,0
2026-08-24 06:45,42.81,5.71,7.884,48.5,94.1,35.1,False,False,True,True,0
2026-08-24 07:00,51.92,7.54,9.431,48.1,93.6,37.4,False,False,True,True,0
2026-08-24 07:15,45.0,12.02,7.008,47.8,93.0,39.0,False,False,True,True,0
2026-08-24 07:30,45.24,12.57,6.942,47.4,92.3,41.2,False,False,True,True,0
2026-08-24 07:45,47.28,12.52,7.387,46.8,92.1,43.9,False,False,True,True,0
2026-08-24 08:00,86.12,15.18,15.075,45.7,90.1,46.1,False,False,True,True,21
2026-08-24 08:15,66.82,19.37,10.083,44.3,88.5,48.3,False,False,True,True,11
2026-08-24 08:30,72.13,20.03,11.071,43.1,86.7,50.2,False,False,True,True,9
2026-08-24 08:45,83.19,19.67,13.498,41.6,85.2,52.3,False,False,True,True,12
2026-08-24 09:00,78.4,21.95,11.996,40.5,83.5,53.7,False,False,True,True,14
2026-08-24 09:15,87.89,23.4,13.704,39.0,81.7,55.9,False,False,True,True,13
2026-08-24 09:30,77.03,24.35,11.194,37.6,80.1,57.7,False,False,True,True,10
2026-08-24 09:45,86.63,24.14,13.279,36.3,78.3,59.4,False,False,True,True,10
2026-08-24 10:00,81.63,26.47,11.721,34.7,76.6,61.6,False,False,True,True,14
2026-08-24 10:15,85.23,29.92,11.753,33.0,74.9,63.3,False,False,True,True,11
2026-08-24 10:30,69.3,28.64,8.64,31.4,73.2,65.6,False,False,True,True,14
2026-08-24 10:45,79.75,29.7,10.636,29.9,71.5,67.7,False,False,True,True,12
2026-08-24 11:00,82.79,30.6,11.09,28.1,69.5,70.0,False,False,True,True,14
2026-08-24 11:15,60.91,33.56,5.812,26.7,68.0,72.3,False,False,True,True,17
2026-08-24 11:30,80.36,31.24,10.438,25.1,65.9,73.7,False,False,True,True,15
2026-08-24 11:45,73.01,32.75,8.555,23.7,64.2,75.3,False,False,True,True,11
2026-08-24 12:00,84.22,30.78,11.356,22.5,62.7,77.3,False,False,True,True,9
2026-08-24 12:15,84.22,31.12,11.284,21.0,61.2,79.4,False,False,True,True,15
2026-08-24 12:30,80.27,31.25,10.417,19.7,59.6,81.9,True,False,True,True,17
2026-08-24 12:45,85.49,29.97,11.798,21.6,57.9,83.9,True,False,True,True,11
2026-08-24 13:00,69.22,30.18,8.296,23.8,56.1,86.0,True,False,True,True,10
2026-08-24 13:15,56.77,30.89,5.5,25.9,53.9,88.1,True,False,True,True,13
2026-08-24 13:30,77.16,28.14,10.417,28.1,52.5,89.9,True,False,True,True,12
2026-08-24 13:45,86.77,28.25,12.436,30.4,50.6,91.5,True,False,True,True,11
2026-08-24 14:00,70.14,28.13,8.927,32.0,48.7,93.8,True,False,True,True,9
2026-08-24 14:15,83.95,25.2,12.484,33.7,47.1,96.0,True,False,False,True,9
2026-08-24 14:30,93.53,26.31,14.284,35.8,45.2,95.0,True,False,False,True,10
2026-08-24 14:45,73.82,23.77,10.636,37.9,43.2,93.7,True,False,False,True,10
2026-08-24 15:00,72.63,22.08,10.742,39.4,41.2,92.9,True,False,False,True,17
2026-08-24 15:15,69.05,18.36,10.772,41.0,39.6,91.4,True,False,False,True,9
2026-08-24 15:30,93.06,18.73,15.795,42.8,37.5,90.3,True,False,False,True,4
2026-08-24 15:45,75.05,17.95,12.134,45.1,35.7,88.6,True,False,False,True,8
2026-08-24 16:00,82.85,17.84,13.815,46.6,34.0,87.7,True,False,False,True,10
2026-08-24 16:15,93.11,14.61,16.681,48.2,32.3,86.5,True,False,False,True,15
2026-08-24 16:30,85.14,13.41,15.243,49.8,30.4,85.3,True,False,False,True,16
2026-08-24 16:45,61.62,8.67,11.252,51.0,28.6,84.2,True,False,False,True,15
2026-08-24 17:00,70.36,8.0,13.252,53.3,26.8,82.7,True,False,False,True,16
2026-08-24 17:15,91.01,7.61,17.722,55.3,25.1,81.4,True,False,False,True,17
2026-08-24 17:30,73.45,3.05,14.96,56.9,23.3,80.3,True,False,False,True,11
2026-08-24 17:45,57.24,3.22,11.479,58.8,21.5,79.3,True,False,False,True,13
2026-08-24 18:00,51.99,0.88,10.861,60.7,21.0,78.8,True,False,False,True,0
2026-08-24 18:15,48.31,0.0,10.266,62.5,20.6,78.1,True,False,False,True,0
2026-08-24 18:30,53.93,0.0,11.46,64.0,20.2,77.7,True,False,False,True,0
2026-08-24 18:45,44.97,0.0,9.556,66.2,19.8,77.5,True,True,False,True,0
2026-08-24 19:00,48.79,0.0,10.368,68.0,21.4,77.0,True,True,False,True,0
2026-08-24 19:15,50.18,0.0,10.663,70.1,22.6,76.9,True,True,False,True,0
2026-08-24 19:30,45.0,0.0,9.562,71.5,24.0,76.2,True,True,False,True,0
2026-08-24 19:45,55.16,0.0,11.721,72.7,26.0,75.9,True,True,False,True,0
2026-08-24 20:00,54.09,0.0,11.494,74.8,27.6,75.8,True,True,False,True,0
2026-08-24 20:15,43.68,0.0,9.282,76.1,29.2,75.4,True,True,False,True,0
2026-08-24 20:30,50.54,0.0,10.74,78.0,30.5,75.5,True,True,False,True,0
2026-08-24 20:45,54.33,0.0,11.545,79.5,32.1,75.0,True,True,False,True,0
2026-08-24 21:00,53.24,0.0,11.314,81.5,33.6,74.5,True,True,False,True,0
2026-08-24 21:15,47.4,0.0,10.072,82.9,35.1,74.4,True,True,False,True,0
2026-08-24 21:30,52.03,0.0,11.056,84.8,37.1,73.9,True,True,False,True,0
2026-08-24 21:45,51.94,0.0,11.037,87.3,38.1,73.7,True,True,False,True,0
2026-08-24 22:00,57.03,0.0,12.119,89.1,39.8,73.6,True,True,False,True,0
2026-08-24 22:15,47.53,0.0,10.1,91.3,41.7,73.3,True,True,False,True,0
2026-08-24 22:30,49.01,0.0,10.415,93.6,43.6,73.2,True,True,False,True,0
2026-08-24 22:45,49.54,0.0,10.527,95.3,45.4,73.1,False,True,False,True,0
2026-08-24 23:00,45.22,0.0,9.609,94.8,47.0,72.4,False,True,False,True,0
2026-08-24 23:15,42.53,0.0,9.038,94.4,48.6,72.4,False,True,False,True,0
2026-08-24 23:30,39.5,0.0,8.394,94.2,50.3,71.9,False,True,False,True,0
2026-08-24 23:45,47.35,0.0,10.062,93.7,51.9,71.4,False,True,False,True,0
2026-08-25 00:00,50.13,0.0,10.653,93.3,53.4,71.1,False,True,False,True,0
2026-08-25 00:15,44.76,0.0,9.512,92.8,55.1,70.9,False,True,False,True,0
2026-08-25 00:30,56.59,0.0,12.025,92.5,57.0,70.9,False,True,False,True,0
2026-08-25 00:45,45.88,0.0,9.75,92.0,58.6,70.5,False,True,False,True,0
2026-08-25 01:00,54.43,0.0,11.566,91.5,60.0,70.0,False,True,False,True,0
2026-08-25 01:15,51.8,0.0,11.007,91.1,61.2,69.5,False,True,False,True,0
2026-08-25 01:30,54.57,0.0,11.596,90.6,62.9,69.6,False,True,False,True,0
2026-08-25 01:45,50.53,0.0,10.738,90.6,63.9,69.0,False,True,False,True,0
2026-08-25 02:00,50.71,0.0,10.776,90.2,65.9,68.7,False,True,False,True,0
2026-08-25 02:15,48.62,0.0,10.332,90.3,67.2,68.7,False,True,False,True,0
2026-08-25 02:30,54.26,0.0,11.53,90.1,68.9,68.2,False,True,False,True,0
2026-08-25 02:45,47.73,0.0,10.143,89.7,70.9,67.9,False,True,False,True,0
2026-08-25 03:00,46.73,0.0,9.93,89.4,72.7,67.4,False,True,False,True,0
2026-08-25 03:15,52.45,0.0,11.146,89.3,74.8,67.5,False,True,False,True,0
2026-08-25 03:30,58.17,0.0,12.361,88.9,77.1,67.0,False,True,False,True,0
2026-08-25 03:45,51.88,0.0,11.024,88.3,79.0,66.7,False,True,False,True,0
2026-08-25 04:00,48.21,0.0,10.245,88.0,80.2,66.5,False,True,False,True,0
2026-08-25 04:15,51.05,0.0,10.848,87.5,82.3,66.4,False,True,False,True,0
2026-08-25 04:30,55.01,0.0,11.69,86.9,84.0,65.8,False,True,False,True,0
2026-08-25 04:45,45.66,0.0,9.703,86.6,86.0,65.8,False,True,False,True,0
2026-08-25 05:00,38.07,0.0,8.09,86.4,87.9,65.6,False,True,False,True,0
2026-08-25 05:15,49.94,0.0,10.612,85.7,89.2,65.0,False,True,False,True,0
2026-08-25 05:30,41.19,0.0,8.753,85.0,91.2,64.7,False,True,False,True,0
2026-08-25 05:45,55.11,0.0,11.711,84.5,92.5,64.5,False,True,False,True,0
2026-08-25 06:00,49.59,0.0,10.538,84.5,94.0,63.9,False,True,False,True,0
2026-08-25 06:15,51.19,4.39,9.945,83.7,95.2,63.7,False,False,False,False,0
2026-08-25 06:30,46.82,3.28,9.252,83.3,94.4,63.4,False,False,False,False,0
2026-08-25 06:45,49.84,3.32,9.886,82.8,94.0,62.9,False,False,False,False,0
2026-08-25 07:00,50.43,9.39,8.721,82.5,93.5,62.6,False,False,False,False,0
2026-08-25 07:15,48.06,11.93,7.678,82.2,93.5,62.5,False,False,False,False,0
2026-08-25 07:30,43.44,14.05,6.245,82.1,93.2,62.4,False,False,False,False,0
2026-08-25 07:45,47.06,15.18,6.775,82.0,92.7,62.4,False,False,False,False,0
2026-08-25 08:00,85.59,17.19,14.535,80.7,90.7,61.0,False,False,False,False,18
2026-08-25 08:15,91.71,17.56,15.757,79.4,88.9,60.2,False,False,False,False,17
2026-08-25 08:30,90.39,16.68,15.663,78.3,87.4,58.8,False,False,False,False,12
2026-08-25 08:45,87.59,20.8,14.193,76.9,85.7,57.7,False,False,False,False,13
2026-08-25 09:00,92.4,23.02,14.743,75.3,83.9,56.1,False,False,False,False,17
2026-08-25 09:15,65.4,23.52,8.9,73.9,82.1,55.0,False,False,False,False,12
2026-08-25 09:30,81.26,24.77,12.004,72.4,80.4,53.7,False,False,False,False,15
2026-08-25 09:45,81.99,25.03,12.104,70.7,78.4,52.3,False,False,False,False,10
2026-08-25 10:00,90.32,26.08,13.651,69.7,76.8,51.0,False,False,False,False,9
2026-08-25 10:15,78.83,30.46,10.279,68.2,75.0,50.1,False,False,False,False,16
2026-08-25 10:30,79.64,31.35,10.262,66.6,73.1,49.1,False,False,False,False,9
2026-08-25 10:45,75.31,29.83,9.664,65.2,71.2,48.1,False,False,False,False,10
2026-08-25 11:00,88.58,30.76,12.287,64.1,69.7,47.0,False,False,False,False,6
2026-08-25 11:15,80.82,29.72,10.859,62.8,68.0,45.7,False,False,False,False,13
2026-08-25 11:30,88.68,32.0,12.045,61.4,66.2,44.6,False,False,False,False,10
2026-08-25 11:45,71.38,33.54,8.041,60.0,64.3,43.2,False,False,False,False,10
2026-08-25 12:00,76.06,29.66,9.86,58.5,62.5,42.1,False,False,False,False,11
2026-08-25 12:15,95.0,31.99,13.39,57.2,60.6,40.8,False,False,False,False,16
2026-08-25 12:30,70.88,31.88,8.288,55.9,58.8,39.7,False,False,False,False,5
2026-08-25 12:45,69.58,31.53,8.086,54.7,57.2,38.5,False,False,False,False,11
2026-08-25 13:00,74.42,32.4,8.929,53.5,55.7,37.5,False,False,False,False,12
2026-08-25 13:15,83.65,32.27,10.918,52.1,53.7,36.3,False,False,False,False,16
2026-08-25 13:30,79.68,28.82,10.808,50.5,51.3,35.0,False,False,False,False,18
2026-08-25 13:45,84.99,29.06,11.885,49.1,49.9,33.9,False,False,False,False,8
2026-08-25 14:00,92.22,27.38,13.779,47.6,48.2,32.9,False,False,False,False,14
2026-08-25 14:15,71.12,25.43,9.709,46.3,46.7,31.4,False,False,False,False,23
2026-08-25 14:30,84.11,25.32,12.493,44.8,44.9,30.3,False,False,False,False,18
2026-08-25 14:45,87.68,24.49,13.428,43.4,42.7,29.5,False,False,False,False,13
2026-08-25 15:00,95.0,22.53,15.4,42.3,41.0,28.1,False,False,False,False,12
2026-08-25 15:15,86.9,19.71,14.278,40.6,39.0,26.7,False,False,False,False,18
2026-08-25 15:30,95.0,18.62,16.231,39.0,37.3,25.6,False,False,False,False,7
2026-08-25 15:45,85.83,16.95,14.637,37.7,35.7,24.7,False,False,False,False,12
2026-08-25 16:00,78.74,14.74,13.6,36.4,34.2,23.6,False,False,False,False,8
2026-08-25 16:15,77.02,14.31,13.326,35.0,32.2,22.5,False,False,False,False,11
2026-08-25 16:30,74.92,12.56,13.252,33.9,30.5,21.3,False,False,False,False,11
2026-08-25 16:45,89.03,11.3,16.518,32.7,28.5,20.4,False,False,False,False,14
2026-08-25 17:00,91.51,7.12,17.933,31.3,26.6,19.2,False,False,True,True,9
2026-08-25 17:15,95.0,5.45,19.029,30.2,24.8,21.2,False,False,True,True,20
2026-08-25 17:30,84.08,5.98,16.596,29.0,23.3,23.2,False,False,True,True,11
2026-08-25 17:45,61.45,1.86,12.663,27.4,21.6,24.8,False,False,True,True,16
2026-08-25 18:00,47.92,0.04,10.174,27.1,21.5,26.8,False,False,True,True,0
2026-08-25 18:15,46.56,0.0,9.894,26.8,21.0,28.8,False,False,True,True,0
2026-08-25 18:30,49.08,0.0,10.43,26.5,20.6,30.2,False,False,True,True,0
2026-08-25 18:45,50.67,0.0,10.767,25.8,19.9,31.9,False,True,True,True,0
2026-08-25 19:00,48.04,0.0,10.208,25.3,21.3,34.1,False,True,True,True,0
2026-08-25 19:15,53.28,0.0,11.322,25.3,22.9,35.6,False,True,True,True,0
2026-08-25 19:30,42.82,0.0,9.099,24.9,24.4,37.7,False,True,True,True,0
2026-08-25 19:45,47.89,0.0,10.177,24.5,26.3,39.8,False,True,True,True,0
2026-08-25 20:00,48.16,0.0,10.234,24.4,27.5,41.9,False,True,True,True,0
2026-08-25 20:15,45.3,0.0,9.626,23.9,29.1,43.9,False,True,True,True,0
2026-08-25 20:30,41.49,0.0,8.817,23.5,30.6,45.7,False,True,True,True,0
2026-08-25 20:45,50.19,0.0,10.665,23.4,31.5,48.1,False,True,True,True,0
2026-08-25 21:00,53.38,0.0,11.343,23.1,32.8,49.7,False,True,True,True,0
2026-08-25 21:15,49.09,0.0,10.432,23.0,34.8,52.0,False,True,True,True,0
2026-08-25 21:30,40.94,0.0,8.7,22.5,36.7,54.2,False,True,True,True,0
2026-08-25 21:45,50.47,0.0,10.725,22.3,38.3,56.6,False,True,True,True,0
2026-08-25 22:00,39.89,0.0,8.477,22.1,40.3,58.2,False,True,True,True,0
2026-08-25 22:15,51.43,0.0,10.929,21.9,42.0,60.0,False,True,True,True,0
2026-08-25 22:30,45.15,0.0,9.594,21.5,43.8,62.2,False,True,True,True,0
2026-08-25 22:45,41.32,0.0,8.78,21.1,45.4,64.2,False,True,True,True,0
2026-08-25 23:00,45.84,0.0,9.741,20.9,46.8,66.0,False,True,True,True,0
2026-08-25 23:15,43.78,0.0,9.303,21.0,48.4,67.9,False,True,True,True,0
2026-08-25 23:30,45.49,0.0,9.667,20.8,50.4,69.9,False,True,True,True,0
2026-08-25 23:45,49.96,0.0,10.616,20.5,51.9,71.7,False,True,True,True,0
2026-08-26 00:00,45.07,0.0,9.577,20.1,52.7,73.7,False,True,True,True,0
2026-08-26 00:15,55.09,0.0,11.707,19.8,54.4,75.4,True,True,True,True,0
2026-08-26 00:30,46.81,0.0,9.947,21.7,55.8,77.2,True,True,True,True,0
2026-08-26 00:45,46.62,0.0,9.907,23.8,56.6,79.1,True,True,True,True,0
2026-08-26 01:00,48.91,0.0,10.393,25.4,58.1,80.6,True,True,True,True,0
2026-08-26 01:15,43.56,0.0,9.256,27.0,59.6,82.4,True,True,True,True,0
2026-08-26 01:30,49.1,0.0,10.434,28.7,61.2,84.8,True,True,True,True,0
2026-08-26 01:45,44.31,0.0,9.416,30.3,62.9,87.0,True,True,True,True,0
2026-08-26 02:00,35.79,0.0,7.605,32.2,64.4,88.8,True,True,True,True,0
2026-08-26 02:15,45.03,0.0,9.569,34.1,66.0,90.8,True,True,True,True,0
2026-08-26 02:30,43.02,0.0,9.142,36.3,67.4,92.8,True,True,True,True,0
2026-08-26 02:45,52.86,0.0,11.233,38.2,68.6,94.8,True,True,True,True,0
2026-08-26 03:00,40.54,0.0,8.615,40.0,70.2,96.8,True,True,False,True,0
2026-08-26 03:15,42.03,0.0,8.931,41.4,71.6,96.4,True,True,False,True,0
2026-08-26 03:30,53.41,0.0,11.35,43.5,73.0,96.0,True,True,False,True,0
2026-08-26 03:45,50.95,0.0,10.827,45.2,74.4,95.5,True,True,False,True,0
2026-08-26 04:00,43.66,0.0,9.278,47.0,75.9,95.3,True,True,False,True,0
2026-08-26 04:15,45.15,0.0,9.594,49.5,77.1,95.1,True,True,False,True,0
2026-08-26 04:30,50.07,0.0,10.64,51.2,78.4,94.7,True,True,False,True,0
2026-08-26 04:45,42.36,0.0,9.002,53.2,79.8,94.7,True,True,False,True,0
2026-08-26 05:00,41.02,0.0,8.717,54.9,81.8,94.3,True,True,False,True,0
2026-08-26 05:15,43.65,0.0,9.276,57.0,83.5,93.9,True,True,False,True,0
2026-08-26 05:30,55.04,0.0,11.696,59.0,85.1,93.4,True,True,False,True,0
2026-08-26 05:45,47.35,0.0,10.062,61.1,87.2,93.4,True,True,False,True,0
2026-08-26 06:00,48.15,0.0,10.232,62.6,88.4,93.5,True,True,False,True,0
2026-08-26 06:15,50.11,2.55,10.106,64.5,90.1,93.3,True,True,False,True,0
2026-08-26 06:30,59.94,3.49,11.996,66.4,92.0,93.0,True,True,False,True,0
2026-08-26 06:45,43.55,4.99,8.194,68.3,93.6,92.8,True,True,False,True,0
2026-08-26 07:00,49.25,10.68,8.196,69.6,95.0,92.5,True,False,False,True,0
2026-08-26 07:15,55.69,11.41,9.41,71.5,94.7,91.8,True,False,False,True,0
2026-08-26 07:30,43.11,12.47,6.511,73.4,94.2,91.6,True,False,False,True,0
2026-08-26 07:45,55.52,13.46,8.938,75.4,93.7,91.4,True,False,False,True,0
2026-08-26 08:00,79.37,15.38,13.598,77.5,92.0,90.5,True,False,False,True,14
2026-08-26 08:15,79.17,19.35,12.712,79.0,90.1,89.3,True,False,False,True,10
2026-08-26 08:30,78.84,19.54,12.601,80.3,88.1,88.4,True,False,False,True,15
2026-08-26 08:45,83.68,17.07,14.155,82.7,86.2,87.2,True,False,False,True,14
2026-08-26 09:00,81.38,25.18,11.942,84.3,84.8,86.5,True,False,False,True,13
2026-08-26 09:15,90.41,23.9,14.133,86.5,83.0,85.4,True,False,False,True,12
2026-08-26 09:30,70.46,25.4,9.575,88.7,81.3,84.6,True,False,False,True,15
2026-08-26 09:45,81.25,27.5,11.422,90.8,79.8,83.3,True,False,False,True,10
2026-08-26 10:00,85.14,27.84,12.176,92.9,77.9,82.0,True,False,False,True,8
2026-08-26 10:15,71.6,29.15,9.021,94.6,76.4,80.7,True,False,False,True,9
2026-08-26 10:30,71.53,28.59,9.125,96.5,74.5,79.6,False,False,False,False,10
2026-08-26 10:45,77.08,28.35,10.355,94.9,72.6,78.7,False,False,False,False,12
2026-08-26 11:00,83.43,30.76,11.192,93.5,70.8,77.4,False,False,False,False,15
2026-08-26 11:15,95.0,32.61,13.258,92.3,68.7,76.3,False,False,False,False,12
2026-08-26 11:30,92.65,30.45,13.218,90.9,67.2,74.9,False,False,False,False,14
2026-08-26 11:45,72.47,30.56,8.906,89.8,65.2,73.8,False,False,False,False,11
2026-08-26 12:00,86.76,32.97,11.43,88.3,63.4,72.5,False,False,False,False,14
2026-08-26 12:15,87.19,30.88,11.966,86.8,61.6,71.4,False,False,False,False,11
2026-08-26 12:30,80.57,30.74,10.589,85.1,59.9,70.0,False,False,False,False,10
2026-08-26 12:45,81.18,30.45,10.78,83.6,57.8,68.7,False,False,False,False,14
2026-08-26 13:00,84.29,30.35,11.462,81.8,56.1,66.9,False,False,False,False,9
2026-08-26 13:15,88.5,27.94,12.869,80.1,54.4,65.7,False,False,False,False,11
2026-08-26 13:30,86.08,28.45,12.246,78.6,52.2,64.4,False,False,False,False,12
2026-08-26 13:45,72.94,28.53,9.437,76.9,50.4,63.4,False,False,False,False,16
2026-08-26 14:00,89.55,27.55,13.175,75.7,48.2,62.3,False,False,False,False,16
2026-08-26 14:15,83.83,27.58,11.953,74.1,46.4,61.1,False,False,False,False,19
2026-08-26 14:30,74.84,27.2,10.124,72.6,44.6,60.4,False,False,False,False,10
2026-08-26 14:45,80.25,25.5,11.634,71.4,43.0,59.3,False,False,False,False,7
2026-08-26 15:00,76.28,23.37,11.243,70.2,41.4,58.2,False,False,False,False,12
2026-08-26 15:15,76.15,20.59,11.806,68.6,39.7,57.1,False,False,False,False,15
2026-08-26 15:30,80.23,18.43,13.132,67.1,38.2,55.9,False,False,False,False,9
2026-08-26 15:45,61.12,17.52,9.265,65.8,36.6,54.8,False,False,False,False,9
2026-08-26 16:00,76.63,16.45,12.788,64.8,35.0,53.6,False,False,False,False,10
2026-08-26 16:15,72.23,14.92,12.178,63.4,33.4,52.5,False,False,False,False,9
2026-08-26 16:30,69.93,12.8,12.14,61.8,31.4,51.2,False,False,False,False,14
2026-08-26 16:45,95.0,9.98,18.067,60.6,29.7,50.3,False,False,False,False,22
2026-08-26 17:00,86.18,9.1,16.38,59.3,28.0,48.9,False,False,False,False,13
2026-08-26 17:15,79.86,7.66,15.342,58.0,26.5,48.0,False,False,False,False,11
2026-08-26 17:30,74.2,5.17,14.669,56.4,24.6,47.2,False,False,False,False,14
2026-08-26 17:45,80.34,2.02,16.643,54.9,22.8,46.2,False,False,False,False,13
2026-08-26 18:00,49.81,0.0,10.585,54.7,22.1,46.1,False,False,False,False,0
2026-08-26 18:15,50.49,0.0,10.729,54.5,21.6,46.1,False,False,False,False,0
2026-08-26 18:30,44.04,0.0,9.358,53.8,20.9,46.0,False,False,False,False,0
2026-08-26 18:45,47.55,0.0,10.104,53.6,20.4,45.8,False,False,False,False,0
2026-08-26 19:00,39.02,0.0,8.292,53.0,19.7,45.7,False,True,False,True,0
2026-08-26 19:15,49.31,0.0,10.478,52.5,20.9,45.4,False,True,False,True,0
2026-08-26 19:30,51.87,0.0,11.022,52.2,22.6,44.9,False,True,False,True,0
2026-08-26 19:45,47.28,0.0,10.047,51.7,23.9,44.2,False,True,False,True,0
2026-08-26 20:00,52.91,0.0,11.243,51.4,25.0,44.1,False,True,False,True,0
2026-08-26 20:15,42.48,0.0,9.027,51.2,26.6,43.7,False,True,False,True,0
2026-08-26 20:30,49.67,0.0,10.555,51.0,27.9,43.5,False,True,False,True,0
2026-08-26 20:45,50.8,0.0,10.795,50.7,29.7,43.1,False,True,False,True,0
2026-08-26 21:00,47.9,0.0,10.179,50.0,31.4,42.8,False,True,False,True,0
2026-08-26 21:15,46.72,0.0,9.928,49.8,32.7,42.5,False,True,False,True,0
2026-08-26 21:30,48.88,0.0,10.387,49.4,34.1,42.0,False,True,False,True,0
2026-08-26 21:45,49.12,0.0,10.438,48.8,35.9,41.8,False,True,False,True,0
2026-08-26 22:00,56.13,0.0,11.928,48.3,37.5,41.5,False,True,False,True,0
2026-08-26 22:15,48.36,0.0,10.276,48.1,39.5,41.1,False,True,False,True,0
2026-08-26 22:30,49.92,0.0,10.608,47.2,40.9,40.9,False,True,False,True,0
2026-08-26 22:45,44.86,0.0,9.533,46.7,43.2,40.7,False,True,False,True,0
2026-08-26 23:00,50.01,0.0,10.627,46.4,44.6,40.5,False,True,False,True,0
2026-08-26 23:15,47.58,0.0,10.111,45.9,45.5,40.2,False,True,False,True,0
2026-08-26 23:30,51.96,0.0,11.042,45.3,47.1,40.1,False,True,False,True,0
2026-08-26 23:45,57.15,0.0,12.144,45.1,49.2,39.7,False,True,False,True,0
2026-08-27 00:00,48.66,0.0,10.34,44.8,50.6,39.5,False,True,False,True,0
2026-08-27 00:15,37.75,0.0,8.022,44.5,51.8,39.2,False,True,False,True,0
2026-08-27 00:30,46.2,0.0,9.818,44.5,52.7,39.0,False,True,False,True,0
2026-08-27 00:45,53.48,0.0,11.364,44.2,54.0,38.5,False,True,False,True,0
2026-08-27 01:00,47.1,0.0,10.009,43.8,55.5,38.3,False,True,False,True,0
2026-08-27 01:15,49.5,0.0,10.519,43.7,57.1,38.1,False,True,False,True,0
2026-08-27 01:30,51.94,0.0,11.037,43.4,58.7,38.0,False,True,False,True,0
2026-08-27 01:45,50.2,0.0,10.668,43.0,60.8,37.8,False,True,False,True,0
2026-08-27 02:00,52.94,0.0,11.25,42.7,62.1,37.2,False,True,False,True,0
2026-08-27 02:15,52.2,0.0,11.093,42.2,63.9,37.0,False,True,False,True,0
2026-08-27 02:30,56.76,0.0,12.061,42.1,65.4,36.9,False,True,False,True,0
2026-08-27 02:45,47.08,0.0,10.004,41.6,67.5,36.6,False,True,False,True,0
2026-08-27 03:00,50.94,0.0,10.825,42.0,69.2,36.4,False,True,False,True,0
2026-08-27 03:15,48.1,0.0,10.221,41.2,70.9,36.3,False,True,False,True,0
2026-08-27 03:30,46.56,0.0,9.894,40.8,72.6,36.2,False,True,False,True,0
2026-08-27 03:45,55.75,0.0,11.847,40.5,73.9,36.0,False,True,False,True,0
2026-08-27 04:00,54.37,0.0,11.554,40.1,75.2,35.8,False,True,False,True,0
2026-08-27 04:15,52.45,0.0,11.146,39.7,76.8,35.3,False,True,False,True,0
2026-08-27 04:30,50.76,0.0,10.786,39.4,78.1,34.9,False,True,False,True,0
2026-08-27 04:45,45.04,0.0,9.571,39.1,80.2,34.9,False,True,False,True,0
2026-08-27 05:00,46.06,0.0,9.788,38.6,81.3,34.3,False,True,False,True,0
2026-08-27 05:15,53.12,0.0,11.288,38.5,83.0,34.1,False,True,False,True,0
2026-08-27 05:30,51.64,0.0,10.974,37.9,84.7,34.3,False,True,False,True,0
2026-08-27 05:45,41.97,0.0,8.919,37.7,86.1,34.1,False,True,False,True,0
2026-08-27 06:00,47.95,0.0,10.189,37.2,87.6,33.4,False,True,False,True,0
2026-08-27 06:15,54.7,5.9,10.37,37.0,89.2,33.1,False,True,False,True,0
2026-08-27 06:30,46.4,3.01,9.22,36.9,91.1,32.8,False,True,False,True,0
2026-08-27 06:45,40.44,7.54,6.991,36.6,92.7,32.5,False,True,False,True,0
2026-08-27 07:00,57.02,6.31,10.776,36.4,94.4,32.5,False,True,False,True,0
2026-08-27 07:15,52.41,9.83,9.048,36.2,96.0,31.7,False,False,False,False,0
2026-08-27 07:30,45.71,10.44,7.495,35.7,95.1,31.1,False,False,False,False,0
2026-08-27 07:45,48.04,14.24,7.182,35.2,94.9,30.5,False,False,False,False,0
2026-08-27 08:00,76.73,15.82,12.943,33.8,93.6,29.6,False,False,False,False,12
2026-08-27 08:15,81.37,17.13,13.651,32.4,91.5,28.4,False,False,False,False,11
2026-08-27 08:30,90.03,20.49,14.777,30.9,89.5,27.0,False,False,False,False,12
2026-08-27 08:45,91.18,20.09,15.107,29.6,87.7,25.9,False,False,False,False,13
2026-08-27 09:00,77.23,22.67,11.594,28.6,86.2,24.9,False,False,False,False,7
2026-08-27 09:15,87.07,24.67,13.26,27.3,84.2,23.9,False,False,False,False,11
2026-08-27 09:30,88.83,23.21,13.944,25.7,82.3,23.0,False,False,False,False,14
2026-08-27 09:45,72.68,25.29,10.07,23.9,80.4,22.0,False,False,False,False,10
2026-08-27 10:00,80.83,27.34,11.367,22.4,78.4,21.0,False,False,False,False,9
2026-08-27 10:15,80.22,29.01,10.882,21.2,76.7,19.8,False,False,True,True,8
2026-08-27 10:30,80.65,30.81,10.591,19.7,75.2,21.5,True,False,True,True,17
2026-08-27 10:45,74.05,29.57,9.452,21.6,73.4,23.4,True,False,True,True,18
2026-08-27 11:00,88.52,30.05,12.425,23.5,71.7,25.5,True,False,True,True,14
2026-08-27 11:15,73.23,29.85,9.218,25.9,70.0,27.7,True,False,True,True,13
2026-08-27 11:30,77.47,31.63,9.741,28.0,68.2,30.1,True,False,True,True,15
2026-08-27 11:45,82.87,31.08,11.005,30.2,66.7,32.1,True,False,True,True,7
2026-08-27 12:00,84.83,31.17,11.403,31.8,65.0,34.3,True,False,True,True,14
2026-08-27 12:15,73.67,31.32,8.999,33.5,63.1,36.4,True,False,True,True,10
2026-08-27 12:30,73.96,31.89,8.94,35.3,61.6,38.4,True,False,True,True,9
2026-08-27 12:45,88.77,30.22,12.442,37.3,60.0,40.6,True,False,True,True,15
2026-08-27 13:00,80.1,29.5,10.752,39.1,58.5,42.4,True,False,True,True,10
2026-08-27 13:15,95.0,30.35,13.738,41.2,57.1,44.3,True,False,True,True,7
2026-08-27 13:30,62.73,25.47,7.918,43.3,55.3,46.4,True,False,True,True,11
2026-08-27 13:45,81.77,27.53,11.526,45.2,53.5,48.7,True,False,True,True,10
2026-08-27 14:00,70.66,25.9,9.512,47.6,52.0,50.9,True,False,True,True,18
2026-08-27 14:15,78.79,27.64,10.869,49.3,50.2,53.0,True,False,True,True,17
2026-08-27 14:30,74.99,24.46,10.738,51.3,48.5,55.0,True,False,True,True,5
2026-08-27 14:45,73.76,23.01,10.784,52.9,46.8,57.4,True,False,True,True,9
2026-08-27 15:00,67.48,22.22,9.618,54.7,45.1,59.7,True,False,True,True,14
2026-08-27 15:15,82.82,20.05,13.339,56.8,43.3,61.6,True,False,True,True,12
2026-08-27 15:30,88.0,18.69,14.728,59.1,41.4,63.8,True,False,True,True,13
2026-08-27 15:45,89.35,17.62,15.243,61.0,39.9,66.0,True,False,True,True,16
2026-08-27 16:00,81.4,15.24,14.059,63.2,38.1,67.9,True,False,True,True,14
2026-08-27 16:15,70.87,13.42,12.208,65.5,36.4,69.7,True,False,True,True,10
2026-08-27 16:30,90.41,10.84,16.909,67.3,34.8,71.6,True,False,True,True,16
2026-08-27 16:45,86.36,8.74,16.494,69.5,33.1,73.3,True,False,True,True,9
2026-08-27 17:00,92.67,8.23,17.944,71.8,31.5,74.9,True,False,True,True,15
2026-08-27 17:15,71.28,6.51,13.764,73.5,29.5,77.2,True,False,True,True,15
2026-08-27 17:30,69.59,2.4,14.278,75.6,27.8,79.3,True,False,True,True,13
2026-08-27 17:45,81.52,2.97,16.692,76.8,26.1,81.4,True,False,True,True,9
2026-08-27 18:00,39.21,0.92,8.137,78.0,25.4,83.7,True,False,True,True,0
2026-08-27 18:15,51.61,0.0,10.967,79.5,24.8,85.9,True,False,True,True,0
2026-08-27 18:30,54.72,0.0,11.628,81.4,24.5,88.1,True,False,True,True,0
2026-08-27 18:45,55.05,0.0,11.698,83.4,24.1,90.3,True,False,True,True,0
2026-08-27 19:00,58.37,0.0,12.404,84.7,23.7,92.8,True,False,True,True,0
2026-08-27 19:15,52.0,0.0,11.05,86.4,23.3,94.5,True,False,True,True,0
2026-08-27 19:30,50.26,0.0,10.68,88.1,23.0,96.5,True,False,False,True,0
2026-08-27 19:45,49.36,0.0,10.489,89.6,22.6,96.2,True,False,False,True,0
2026-08-27 20:00,47.07,0.0,10.002,91.3,22.3,96.1,True,False,False,True,0
2026-08-27 20:15,43.95,0.0,9.339,93.4,21.6,95.8,True,False,False,True,0
2026-08-27 20:30,49.96,0.0,10.616,95.2,21.0,95.9,False,False,False,False,0
2026-08-27 20:45,56.5,0.0,12.006,94.6,20.7,95.7,False,False,False,False,0
2026-08-27 21:00,46.29,0.0,9.837,94.1,20.1,95.4,False,False,False,False,0
2026-08-27 21:15,51.81,0.0,11.01,93.6,19.7,95.2,False,True,False,True,0
2026-08-27 21:30,45.2,0.0,9.605,93.3,21.0,94.9,False,True,False,True,0
2026-08-27 21:45,48.19,0.0,10.24,92.9,22.5,94.8,False,True,False,True,0
2026-08-27 22:00,46.2,0.0,9.818,92.7,24.3,94.2,False,True,False,True,0
2026-08-27 22:15,53.87,0.0,11.447,92.1,26.3,93.8,False,True,False,True,0
2026-08-27 22:30,45.12,0.0,9.588,91.4,27.8,93.7,False,True,False,True,0
2026-08-27 22:45,54.21,0.0,11.52,91.2,29.4,93.3,False,True,False,True,0
2026-08-27 23:00,47.55,0.0,10.104,91.1,31.2,93.1,False,True,False,True,0
2026-08-27 23:15,47.64,0.0,10.124,90.8,33.1,92.6,False,True,False,True,0
2026-08-27 23:30,45.14,0.0,9.592,90.7,34.2,92.3,False,True,False,True,0
2026-08-27 23:45,55.97,0.0,11.894,90.2,36.1,92.1,False,True,False,True,0
2026-08-28 00:00,51.56,0.0,10.956,90.1,37.4,91.9,False,True,False,True,0
2026-08-28 00:15,48.32,0.0,10.268,89.2,39.3,91.6,False,True,False,True,0
2026-08-28 00:30,40.05,0.0,8.511,88.5,41.3,91.4,False,True,False,True,0
2026-08-28 00:45,39.93,0.0,8.485,88.0,42.9,91.0,False,True,False,True,0
2026-08-28 01:00,48.58,0.0,10.323,87.7,44.3,90.8,False,True,False,True,0
2026-08-28 01:15,52.74,0.0,11.207,87.1,45.8,90.8,False,True,False,True,0
2026-08-28 01:30,44.51,0.0,9.458,86.8,47.7,90.3,False,True,False,True,0
2026-08-28 01:45,52.34,0.0,11.122,86.7,49.1,89.9,False,True,False,True,0
2026-08-28 02:00,44.18,0.0,9.388,86.7,50.1,89.3,False,True,False,True,0
2026-08-28 02:15,53.05,0.0,11.273,86.5,51.9,89.3,False,True,False,True,0
2026-08-28 02:30,49.4,0.0,10.497,85.9,53.5,89.0,False,True,False,True,0
2026-08-28 02:45,47.79,0.0,10.155,85.2,54.9,88.9,False,True,False,True,0
2026-08-28 03:00,53.19,0.0,11.303,84.7,56.7,89.1,False,True,False,True,0
2026-08-28 03:15,44.38,0.0,9.431,84.4,58.6,88.5,False,True,False,True,0
2026-08-28 03:30,42.89,0.0,9.114,84.3,60.2,88.2,False,True,False,True,0
2026-08-28 03:45,46.16,0.0,9.809,84.1,61.7,88.1,False,True,False,True,0
2026-08-28 04:00,51.9,0.0,11.029,83.8,63.1,87.7,False,True,False,True,0
2026-08-28 04:15,40.72,0.0,8.653,83.5,64.6,87.4,False,True,False,True,0
2026-08-28 04:30,42.23,0.0,8.974,83.3,65.5,87.0,False,True,False,True,0
2026-08-28 04:45,50.35,0.0,10.699,82.8,66.7,86.8,False,True,False,True,0
2026-08-28 05:00,45.84,0.0,9.741,82.6,68.0,86.6,False,True,False,True,0
2026-08-28 05:15,49.2,0.0,10.455,82.3,69.7,86.3,False,True,False,True,0
2026-08-28 05:30,40.24,0.0,8.551,81.9,70.7,85.9,False,True,False,True,0
2026-08-28 05:45,47.12,0.0,10.013,81.4,72.2,85.3,False,True,False,True,0
2026-08-28 06:00,44.39,0.0,9.433,80.8,74.0,85.2,False,True,False,True,0
2026-08-28 06:15,50.78,1.68,10.434,80.6,75.6,84.8,False,True,False,True,0
2026-08-28 06:30,44.97,3.84,8.74,80.1,76.9,84.5,False,True,False,True,0
2026-08-28 06:45,58.48,7.61,10.81,80.1,78.8,84.5,False,True,False,True,0
2026-08-28 07:00,41.34,7.55,7.18,79.8,80.7,84.6,False,True,False,True,0
2026-08-28 07:15,45.08,10.44,7.361,79.6,82.6,84.3,False,True,False,True,0
2026-08-28 07:30,57.06,12.33,9.505,79.3,84.2,83.9,False,True,False,True,0
2026-08-28 07:45,47.28,15.32,6.792,78.7,85.6,83.7,False,True,False,True,0
2026-08-28 08:00,78.31,15.59,13.328,77.7,86.8,82.6,False,True,False,True,8
2026-08-28 08:15,72.76,18.49,11.532,76.0,88.3,81.2,False,True,False,True,16
2026-08-28 08:30,81.82,17.13,13.747,74.3,89.8,80.1,False,True,False,True,14
2026-08-28 08:45,77.29,18.83,12.423,73.0,91.4,78.9,False,True,False,True,9
2026-08-28 09:00,77.93,19.53,12.41,71.7,93.3,77.8,False,True,False,True,14
2026-08-28 09:15,82.81,24.63,12.363,70.2,94.9,76.6,False,True,False,True,19
2026-08-28 09:30,83.18,25.8,12.193,69.1,96.5,75.7,False,False,False,False,18
2026-08-28 09:45,76.14,27.27,10.385,67.4,95.0,74.8,False,False,False,False,10
2026-08-28 10:00,68.99,26.47,9.035,65.6,93.4,73.6,False,False,False,False,10
2026-08-28 10:15,75.68,27.58,10.221,64.4,91.7,72.2,False,False,False,False,13
2026-08-28 10:30,81.71,28.96,11.209,63.0,89.9,71.2,False,False,False,False,10
2026-08-28 10:45,82.01,31.56,10.721,61.5,88.0,70.7,False,False,False,False,9
2026-08-28 11:00,79.21,32.46,9.934,60.2,86.3,69.5,False,False,False,False,10
2026-08-28 11:15,89.12,31.85,12.17,58.9,84.6,68.0,False,False,False,False,12
2026-08-28 11:30,88.34,31.63,12.051,57.3,83.3,66.7,False,False,False,False,17
2026-08-28 11:45,70.75,33.04,8.013,55.9,81.2,65.8,False,False,False,False,11
2026-08-28 12:00,87.1,31.19,11.881,54.3,79.4,64.7,False,False,False,False,12
2026-08-28 12:15,84.13,30.96,11.299,52.6,77.9,63.5,False,False,False,False,11
2026-08-28 12:30,70.48,31.08,8.372,51.3,76.4,62.2,False,False,False,False,9
2026-08-28 12:45,82.11,29.72,11.133,49.8,74.6,60.8,False,False,False,False,10
2026-08-28 13:00,84.67,30.22,11.571,48.6,73.0,59.6,False,False,False,False,20
2026-08-28 13:15,69.5,28.49,8.715,47.0,71.2,58.3,False,False,False,False,5
2026-08-28 13:30,89.75,30.33,12.627,45.6,69.8,57.1,False,False,False,False,8
2026-08-28 13:45,79.46,28.9,10.744,44.1,68.1,56.0,False,False,False,False,16
2026-08-28 14:00,79.57,29.0,10.746,42.4,66.1,55.2,False,False,False,False,18
2026-08-28 14:15,89.31,24.24,13.827,41.2,64.4,54.2,False,False,False,False,11
2026-08-28 14:30,70.74,27.27,9.237,39.7,62.9,53.0,False,False,False,False,5
2026-08-28 14:45,76.68,21.8,11.662,38.5,61.3,51.7,False,False,False,False,10
2026-08-28 15:00,84.84,20.84,13.6,37.0,59.7,50.9,False,False,False,False,12
2026-08-28 15:15,77.86,20.02,12.291,35.9,58.1,49.9,False,False,False,False,13
2026-08-28 15:30,82.42,20.75,13.105,34.6,56.1,48.9,False,False,False,False,6
2026-08-28 15:45,69.57,17.77,11.007,33.2,54.1,47.6,False,False,False,False,7
2026-08-28 16:00,74.81,15.46,12.612,31.5,52.7,46.4,False,False,False,False,15
2026-08-28 16:15,60.73,12.98,10.147,30.0,51.0,45.3,False,False,False,False,13
2026-08-28 16:30,83.23,10.4,15.476,28.8,49.5,44.2,False,False,False,False,12
2026-08-28 16:45,73.31,11.48,13.139,27.5,47.8,43.1,False,False,False,False,12
2026-08-28 17:00,76.89,9.11,14.403,25.9,46.2,41.9,False,False,False,False,11
2026-08-28 17:15,79.8,7.77,15.306,24.5,44.3,41.1,False,False,False,False,11
2026-08-28 17:30,82.83,4.59,16.626,23.0,42.6,40.0,False,False,False,False,12
2026-08-28 17:45,65.86,0.0,13.995,21.7,40.6,38.9,False,False,False,False,14
2026-08-28 18:00,46.2,0.0,9.818,21.1,40.1,38.6,False,False,False,False,0
2026-08-28 18:15,49.54,0.0,10.527,20.6,39.4,38.2,False,False,False,False,0
2026-08-28 18:30,46.49,0.0,9.879,19.8,38.9,37.6,True,False,False,True,0
2026-08-28 18:45,47.16,0.0,10.022,21.4,38.7,37.2,True,False,False,True,0
2026-08-28 19:00,51.37,0.0,10.916,23.0,37.9,37.1,True,False,False,True,0
2026-08-28 19:15,47.78,0.0,10.153,24.8,37.5,36.8,True,False,False,True,0
2026-08-28 19:30,50.92,0.0,10.82,26.5,37.5,36.4,True,False,False,True,0
2026-08-28 19:45,54.17,0.0,11.511,27.8,37.0,35.8,True,False,False,True,0
2026-08-28 20:00,44.74,0.0,9.507,29.9,36.3,35.6,True,False,False,True,0
2026-08-28 20:15,49.59,0.0,10.538,32.0,36.0,35.2,True,False,False,True,0
2026-08-28 20:30,47.66,0.0,10.128,33.4,35.7,34.9,True,False,False,True,0
2026-08-28 20:45,51.16,0.0,10.872,35.0,35.1,34.8,True,False,False,True,0
2026-08-28 21:00,55.76,0.0,11.849,37.2,34.7,34.7,True,False,False,True,0
2026-08-28 21:15,47.82,0.0,10.162,38.3,34.2,34.6,True,False,False,True,0
2026-08-28 21:30,42.86,0.0,9.108,40.1,34.1,34.1,True,False,False,True,0
2026-08-28 21:45,49.64,0.0,10.548,42.0,33.9,33.8,True,False,False,True,0
2026-08-28 22:00,50.96,0.0,10.829,43.6,33.8,33.7,True,False,False,True,0
2026-08-28 22:15,49.79,0.0,10.58,45.5,33.1,33.2,True,False,False,True,0
2026-08-28 22:30,54.91,0.0,11.668,47.4,32.7,33.1,True,False,False,True,0
2026-08-28 22:45,45.77,0.0,9.726,48.8,32.3,33.1,True,False,False,True,0
2026-08-28 23:00,43.48,0.0,9.24,50.9,31.6,32.8,True,False,False,True,0
2026-08-28 23:15,50.1,0.0,10.646,52.6,30.9,32.6,True,False,False,True,0
2026-08-28 23:30,43.77,0.0,9.301,54.9,30.4,32.1,True,False,False,True,0
2026-08-28 23:45,48.5,0.0,10.306,56.3,30.2,32.3,True,False,False,True,0
2026-08-29 00:00,50.49,0.0,10.729,57.9,29.8,32.2,True,False,False,True,0
2026-08-29 00:15,44.38,0.0,9.431,59.5,29.8,32.1,True,False,False,True,0
2026-08-29 00:30,45.01,0.0,9.565,61.1,29.5,31.7,True,False,False,True,0
2026-08-29 00:45,42.85,0.0,9.106,63.6,29.1,31.6,True,False,False,True,0
2026-08-29 01:00,45.69,0.0,9.709,65.2,29.0,31.5,True,False,False,True,0
2026-08-29 01:15,47.55,0.0,10.104,67.0,28.5,31.6,True,False,False,True,0
2026-08-29 01:30,53.04,0.0,11.271,68.8,27.9,31.3,True,False,False,True,0
2026-08-29 01:45,52.48,0.0,11.152,70.4,27.6,30.8,True,False,False,True,0
2026-08-29 02:00,51.47,0.0,10.937,72.0,27.3,30.5,True,False,False,True,0
2026-08-29 02:15,47.45,0.0,10.083,74.0,26.7,29.8,True,False,False,True,0
2026-08-29 02:30,47.34,0.0,10.06,75.6,26.2,29.2,True,False,False,True,0
2026-08-29 02:45,45.32,0.0,9.63,77.5,25.5,29.0,True,False,False,True,0
2026-08-29 03:00,50.36,0.0,10.702,79.5,24.8,29.0,True,False,False,True,0
2026-08-29 03:15,43.84,0.0,9.316,81.2,24.7,28.6,True,False,False,True,0
2026-08-29 03:30,48.65,0.0,10.338,83.1,24.3,27.8,True,False,False,True,0
2026-08-29 03:45,52.24,0.0,11.101,84.7,24.1,27.5,True,False,False,True,0
2026-08-29 04:00,50.27,0.0,10.682,86.4,23.7,27.1,True,False,False,True,0
2026-08-29 04:15,48.51,0.0,10.308,87.7,23.6,27.1,True,False,False,True,0
2026-08-29 04:30,48.02,0.0,10.204,89.2,23.2,26.8,True,False,False,True,0
2026-08-29 04:45,34.22,0.0,7.272,91.1,22.9,26.2,True,False,False,True,0
2026-08-29 05:00,49.24,0.0,10.464,93.3,22.3,26.0,True,False,False,True,0
2026-08-29 05:15,48.67,0.0,10.342,95.3,21.6,26.0,False,False,False,False,0
2026-08-29 05:30,48.61,0.0,10.33,94.8,20.8,25.5,False,False,False,False,0
2026-08-29 05:45,49.8,0.0,10.582,94.3,20.8,25.2,False,False,False,False,0
2026-08-29 06:00,48.3,0.0,10.264,94.1,20.3,25.1,False,False,False,False,0
2026-08-29 06:15,46.44,3.36,9.154,93.8,19.9,25.2,False,True,False,True,0
2026-08-29 06:30,47.84,2.73,9.586,93.5,21.0,24.8,False,True,False,True,0
2026-08-29 06:45,45.0,6.93,8.09,93.5,23.1,24.6,False,True,False,True,0
2026-08-29 07:00,48.87,9.0,8.472,93.5,24.6,24.3,False,True,False,True,0
2026-08-29 07:15,52.74,9.51,9.186,93.0,26.3,23.9,False,True,False,True,0
2026-08-29 07:30,49.58,10.59,8.285,92.4,28.3,23.8,False,True,False,True,0
2026-08-29 07:45,43.72,11.57,6.832,92.0,29.8,23.4,False,True,False,True,0
2026-08-29 08:00,92.53,15.01,16.473,90.8,31.9,22.4,False,True,False,True,14
2026-08-29 08:15,94.55,18.13,16.239,89.2,32.9,20.9,False,True,False,True,13
2026-08-29 08:30,77.49,17.88,12.667,87.8,34.8,19.7,False,True,True,True,12
2026-08-29 08:45,83.37,20.89,13.277,86.7,36.0,21.1,False,True,True,True,10
2026-08-29 09:00,77.04,20.5,12.015,85.1,37.9,23.3,False,True,True,True,7
2026-08-29 09:15,69.69,23.4,9.837,83.5,39.2,25.1,False,True,True,True,12
2026-08-29 09:30,74.87,23.61,10.893,81.7,40.7,26.9,False,True,True,True,16
2026-08-29 09:45,80.03,26.1,11.46,80.3,42.5,28.9,False,True,True,True,17
2026-08-29 10:00,88.97,26.68,13.237,78.6,44.4,30.9,False,True,True,True,11
2026-08-29 10:15,78.23,26.82,10.925,77.2,46.6,32.8,False,True,True,True,13
2026-08-29 10:30,81.77,28.31,11.36,75.7,48.6,34.5,False,True,True,True,10
2026-08-29 10:45,69.95,28.71,8.764,73.9,50.0,36.1,False,True,True,True,13
2026-08-29 11:00,82.13,28.85,11.322,72.4,51.5,37.6,False,True,True,True,14
2026-08-29 11:15,88.31,32.19,11.926,70.8,53.3,39.8,False,True,True,True,14
2026-08-29 11:30,85.29,30.8,11.579,69.1,55.0,41.5,False,True,True,True,13
2026-08-29 11:45,75.65,28.79,9.958,67.4,56.4,43.2,False,True,True,True,12
2026-08-29 12:00,75.47,30.75,9.503,66.1,58.1,45.0,False,True,True,True,10
2026-08-29 12:15,78.34,32.53,9.735,64.3,59.9,47.4,False,True,True,True,9
2026-08-29 12:30,90.05,30.32,12.693,62.9,61.8,50.1,False,True,True,True,12
2026-08-29 12:45,88.88,32.69,11.94,61.6,63.8,52.7,False,True,True,True,12
2026-08-29 13:00,94.33,29.4,13.798,60.1,65.2,54.6,False,True,True,True,12
2026-08-29 13:15,83.92,30.43,11.367,58.3,66.8,56.5,False,True,True,True,8
2026-08-29 13:30,81.31,30.35,10.829,57.0,68.5,58.4,False,True,True,True,16
2026-08-29 13:45,61.09,28.79,6.864,55.4,69.7,60.3,False,True,True,True,14
2026-08-29 14:00,80.68,25.63,11.698,54.0,71.2,61.9,False,True,True,True,7
2026-08-29 14:15,93.24,25.06,14.488,52.1,72.7,64.3,False,True,True,True,15
2026-08-29 14:30,87.0,26.39,12.88,50.9,73.9,66.9,False,True,True,True,10
2026-08-29 14:45,47.4,22.72,5.244,49.8,75.1,68.7,False,True,True,True,11
2026-08-29 15:00,84.05,23.44,12.88,48.6,77.1,70.8,False,True,True,True,16
2026-08-29 15:15,95.0,20.25,15.884,47.2,78.2,72.9,False,True,True,True,10
2026-08-29 15:30,67.59,19.35,10.251,45.7,80.1,74.9,False,True,True,True,13
2026-08-29 15:45,89.06,15.84,15.559,44.6,81.9,77.3,False,True,True,True,8
2026-08-29 16:00,54.12,15.02,8.309,43.5,83.3,78.4,False,True,True,True,14
2026-08-29 16:15,87.02,12.88,15.755,42.2,85.1,80.7,False,True,True,True,12
2026-08-29 16:30,84.26,12.33,15.285,40.5,86.5,82.0,False,True,True,True,10
2026-08-29 16:45,58.76,10.24,10.31,39.5,88.0,83.4,False,True,True,True,10
2026-08-29 17:00,85.68,8.71,16.356,38.2,89.4,84.9,False,True,True,True,16
2026-08-29 17:15,89.38,5.56,17.812,36.6,90.8,87.0,False,True,True,True,14
2026-08-29 17:30,85.55,3.0,17.542,35.2,92.8,88.7,False,True,True,True,12
2026-08-29 17:45,87.58,2.28,18.126,33.7,94.4,90.6,False,True,True,True,15
2026-08-29 18:00,44.14,0.0,9.38,33.7,96.2,92.4,False,False,True,True,0
2026-08-29 18:15,39.7,0.0,8.436,33.2,95.7,94.1,False,False,True,True,0
2026-08-29 18:30,45.85,0.0,9.743,32.8,94.6,96.3,False,False,False,False,0
2026-08-29 18:45,50.67,0.0,10.767,32.3,94.4,95.8,False,False,False,False,0
2026-08-29 19:00,48.93,0.0,10.398,31.8,93.8,95.4,False,False,False,False,0
2026-08-29 19:15,44.58,0.0,9.473,31.4,93.1,95.2,False,False,False,False,0
2026-08-29 19:30,40.61,0.0,8.63,30.9,92.8,95.1,False,False,False,False,0
2026-08-29 19:45,59.96,0.0,12.742,30.8,92.3,95.1,False,False,False,False,0
2026-08-29 20:00,50.91,0.0,10.818,30.6,91.5,94.7,False,False,False,False,0
2026-08-29 20:15,52.19,0.0,11.09,30.1,90.7,94.8,False,False,False,False,0
2026-08-29 20:30,53.16,0.0,11.296,30.1,89.9,94.5,False,False,False,False,0
2026-08-29 20:45,51.77,0.0,11.001,30.0,89.0,94.4,False,False,False,False,0
2026-08-29 21:00,47.6,0.0,10.115,29.7,88.4,94.5,False,False,False,False,0
2026-08-29 21:15,47.73,0.0,10.143,29.3,87.9,94.3,False,False,False,False,0
2026-08-29 21:30,46.49,0.0,9.879,28.8,87.2,94.0,False,False,False,False,0
2026-08-29 21:45,57.39,0.0,12.195,28.7,86.4,93.3,False,False,False,False,0
2026-08-29 22:00,50.87,0.0,10.81,28.3,86.1,93.0,False,False,False,False,0
2026-08-29 22:15,50.2,0.0,10.668,27.7,85.2,92.5,False,False,False,False,0
2026-08-29 22:30,52.28,0.0,11.11,27.1,84.7,92.0,False,False,False,False,0
2026-08-29 22:45,44.56,0.0,9.469,27.1,84.4,91.5,False,False,False,False,0
2026-08-29 23:00,55.73,0.0,11.843,26.8,83.6,91.3,False,False,False,False,0
2026-08-29 23:15,43.62,0.0,9.269,26.3,83.2,91.1,False,False,False,False,0
2026-08-29 23:30,49.48,0.0,10.514,25.7,82.9,91.2,False,False,False,False,0
2026-08-29 23:45,54.16,0.0,11.509,25.4,82.3,90.9,False,False,False,False,0
2026-08-30 00:00,52.51,0.0,11.158,25.1,81.9,90.9,False,False,False,False,0
2026-08-30 00:15,46.84,0.0,9.954,24.6,81.7,90.8,False,False,False,False,0
2026-08-30 00:30,47.08,0.0,10.004,23.9,80.9,90.9,False,False,False,False,0
2026-08-30 00:45,52.14,0.0,11.08,23.6,80.7,90.8,False,False,False,False,0
2026-08-30 01:00,45.89,0.0,9.752,23.6,80.3,90.9,False,False,False,False,0
2026-08-30 01:15,49.85,0.0,10.593,23.3,79.6,90.4,False,False,False,False,0
2026-08-30 01:30,54.33,0.0,11.545,22.8,79.0,90.2,False,False,False,False,0
2026-08-30 01:45,48.06,0.0,10.213,22.9,78.8,89.9,False,False,False,False,0
2026-08-30 02:00,44.25,0.0,9.403,22.7,78.4,89.8,False,False,False,False,0
2026-08-30 02:15,47.82,0.0,10.162,22.3,78.1,89.4,False,False,False,False,0
2026-08-30 02:30,55.12,0.0,11.713,22.1,77.5,89.1,False,False,False,False,0
2026-08-30 02:45,48.63,0.0,10.334,21.8,77.3,88.6,False,False,False,False,0
2026-08-30 03:00,49.54,0.0,10.527,21.4,76.4,88.2,False,False,False,False,0
2026-08-30 03:15,48.8,0.0,10.37,21.0,76.0,88.0,False,False,False,False,0
2026-08-30 03:30,50.03,0.0,10.631,20.7,75.5,87.6,False,False,False,False,0
2026-08-30 03:45,44.44,0.0,9.443,20.5,75.4,87.3,False,False,False,False,0
2026-08-30 04:00,48.98,0.0,10.408,19.9,74.9,87.1,True,False,False,True,0
2026-08-30 04:15,54.09,0.0,11.494,22.1,74.5,87.1,True,False,False,True,0
2026-08-30 04:30,50.6,0.0,10.752,24.3,74.2,86.8,True,False,False,True,0
2026-08-30 04:45,44.5,0.0,9.456,26.4,74.1,86.4,True,False,False,True,0
2026-08-30 05:00,42.16,0.0,8.959,28.5,73.3,86.2,True,False,False,True,0
2026-08-30 05:15,46.64,0.0,9.911,30.1,72.9,86.0,True,False,False,True,0
2026-08-30 05:30,55.15,0.0,11.719,31.9,72.7,85.3,True,False,False,True,0
2026-08-30 05:45,40.4,0.0,8.585,34.3,72.4,85.0,True,False,False,True,0
2026-08-30 06:00,47.18,0.0,10.026,35.7,71.8,84.6,True,False,False,True,0
2026-08-30 06:15,41.06,1.38,8.432,37.2,71.3,84.3,True,False,False,True,0
2026-08-30 06:30,43.33,6.61,7.803,39.0,70.8,84.2,True,False,False,True,0
2026-08-30 06:45,47.45,5.11,8.997,40.6,70.6,84.0,True,False,False,True,0
2026-08-30 07:00,42.38,7.2,7.476,42.8,69.9,83.6,True,False,False,True,0
2026-08-30 07:15,43.84,8.93,7.418,44.4,69.8,83.6,True,False,False,True,0
2026-08-30 07:30,44.3,13.51,6.543,46.0,69.4,83.3,True,False,False,True,0
2026-08-30 07:45,46.7,13.64,7.025,47.6,69.3,83.3,True,False,False,True,0
2026-08-30 08:00,75.89,15.0,12.939,49.3,67.5,82.0,True,False,False,True,12
2026-08-30 08:15,80.34,19.2,12.992,51.0,65.6,81.1,True,False,False,True,10
2026-08-30 08:30,78.73,19.87,12.508,52.7,63.9,79.7,True,False,False,True,13
2026-08-30 08:45,70.44,19.67,10.789,54.4,62.0,78.7,True,False,False,True,13
2026-08-30 09:00,71.89,20.81,10.854,56.2,60.1,77.8,True,False,False,True,10
2026-08-30 09:15,89.21,25.07,13.63,58.1,58.5,76.7,True,False,False,True,7
2026-08-30 09:30,86.9,25.01,13.152,59.8,56.9,75.3,True,False,False,True,15
2026-08-30 09:45,76.02,24.33,10.984,62.1,55.3,74.4,True,False,False,True,9
2026-08-30 10:00,73.07,25.14,10.185,63.6,53.3,73.4,True,False,False,True,13
2026-08-30 10:15,81.12,26.91,11.52,65.7,52.0,72.5,True,False,False,True,15
2026-08-30 10:30,94.46,27.61,14.206,67.7,50.5,71.3,True,False,False,True,7
2026-08-30 10:45,90.71,27.37,13.46,69.5,48.9,69.9,True,False,False,True,12
2026-08-30 11:00,74.51,29.11,9.648,71.1,47.2,68.9,True,False,False,True,7
2026-08-30 11:15,84.4,29.79,11.605,72.8,45.2,67.8,True,False,False,True,9
2026-08-30 11:30,82.41,30.68,10.993,74.7,43.6,66.8,True,False,False,True,11
2026-08-30 11:45,62.0,33.46,6.065,77.0,41.9,65.6,True,False,False,True,9
2026-08-30 12:00,86.56,31.18,11.768,79.2,40.1,64.1,True,False,False,True,13
2026-08-30 12:15,94.01,31.23,13.341,80.6,38.3,63.0,True,False,False,True,10
2026-08-30 12:30,71.41,31.84,8.409,82.7,36.5,62.0,True,False,False,True,11
2026-08-30 12:45,77.88,30.61,10.045,84.4,34.7,61.2,True,False,False,True,6
2026-08-30 13:00,82.16,30.91,10.891,86.2,32.9,59.8,True,False,False,True,9
2026-08-30 13:15,77.68,30.17,10.096,88.3,31.1,58.5,True,False,False,True,11
2026-08-30 13:30,92.04,29.25,13.343,90.0,29.3,57.0,True,False,False,True,13
2026-08-30 13:45,83.61,31.57,11.058,92.0,27.9,55.8,True,False,False,True,12
2026-08-30 14:00,80.39,28.37,11.054,94.0,26.1,54.8,True,False,False,True,10
2026-08-30 14:15,89.97,24.89,13.83,95.7,24.4,53.6,False,False,False,False,16
2026-08-30 14:30,82.44,25.43,12.115,94.5,22.7,52.5,False,False,False,False,12
2026-08-30 14:45,95.0,22.73,15.357,93.0,20.8,51.6,False,False,False,False,7
2026-08-30 15:00,78.4,22.81,11.813,91.5,18.9,50.3,False,True,False,True,16
2026-08-30 15:15,77.19,19.12,12.34,90.3,20.9,49.3,False,True,False,True,4
2026-08-30 15:30,65.76,17.85,10.181,88.6,22.5,48.3,False,True,False,True,10
2026-08-30 15:45,73.71,17.91,11.858,86.7,24.1,47.2,False,True,False,True,12
2026-08-30 16:00,91.18,16.95,15.774,85.1,25.8,46.2,False,True,False,True,10
2026-08-30 16:15,74.56,14.54,12.754,83.9,27.0,45.3,False,True,False,True,8
2026-08-30 16:30,64.28,13.08,10.88,82.2,28.5,44.4,False,True,False,True,14
2026-08-30 16:45,85.95,10.57,16.018,80.8,29.7,43.2,False,True,False,True,13
2026-08-30 17:00,95.0,8.36,18.411,79.5,32.0,41.9,False,True,False,True,8
2026-08-30 17:15,81.27,5.54,16.093,78.2,33.8,40.4,False,True,False,True,8
2026-08-30 17:30,74.36,5.09,14.72,76.7,35.6,39.4,False,True,False,True,10
2026-08-30 17:45,73.29,3.29,14.875,75.0,37.6,38.3,False,True,False,True,11
2026-08-30 18:00,47.49,0.0,10.092,74.7,39.6,37.9,False,True,False,True,0
2026-08-30 18:15,41.45,0.0,8.808,74.0,41.3,37.5,False,True,False,True,0
2026-08-30 18:30,46.76,0.0,9.936,73.9,43.2,36.8,False,True,False,True,0
2026-08-30 18:45,44.48,0.0,9.452,73.8,44.9,36.5,False,True,False,True,0
2026-08-30 19:00,44.2,0.0,9.392,73.5,46.9,36.2,False,True,False,True,0
2026-08-30 19:15,53.15,0.0,11.294,72.9,48.4,36.2,False,True,False,True,0
2026-08-30 19:30,44.49,0.0,9.454,72.5,50.1,36.0,False,True,False,True,0
2026-08-30 19:45,61.87,0.0,13.147,72.3,51.8,35.6,False,True,False,True,0
2026-08-30 20:00,41.45,0.0,8.808,71.8,53.7,35.3,False,True,False,True,0
2026-08-30 20:15,44.51,0.0,9.458,71.3,55.1,34.8,False,True,False,True,0
2026-08-30 20:30,48.9,0.0,10.391,71.1,56.8,34.7,False,True,False,True,0
2026-08-30 20:45,51.75,0.0,10.997,71.0,58.2,34.5,False,True,False,True,0
2026-08-30 21:00,47.89,0.0,10.177,70.7,59.8,34.8,False,True,False,True,0
2026-08-30 21:15,53.09,0.0,11.282,70.2,60.8,34.8,False,True,False,True,0
2026-08-30 21:30,40.99,0.0,8.71,70.0,61.8,34.6,False,True,False,True,0
2026-08-30 21:45,48.28,0.0,10.26,69.5,63.2,34.5,False,True,False,True,0
2026-08-30 22:00,42.21,0.0,8.97,69.0,64.8,33.9,False,True,False,True,0
2026-08-30 22:15,42.52,0.0,9.036,68.4,66.1,33.3,False,True,False,True,0
2026-08-30 22:30,47.16,0.0,10.022,68.1,68.4,32.7,False,True,False,True,0
2026-08-30 22:45,39.48,0.0,8.39,67.6,69.6,32.4,False,True,False,True,0
2026-08-30 23:00,43.14,0.0,9.167,67.3,70.9,32.3,False,True,False,True,0
2026-08-30 23:15,47.17,0.0,10.024,67.2,72.5,31.8,False,True,False,True,0
2026-08-30 23:30,45.18,0.0,9.601,66.8,73.9,31.8,False,True,False,True,0
2026-08-30 23:45,48.11,0.0,10.223,66.1,75.6,31.4,False,True,False,True,0
